username,star_rating,date,review_text
"Kyaw Minoo","5","June 30, 2026","kyawminoO"
"Andrew E","1","June 30, 2026","Holy mother of AI slop... I can't create checklists, can't create journals, can't create anything. Now I have to ask the AI how to create something that shouldn't have been removed in the first place... only for the AI to not have an Internet connection. What an unnecessary and drastic change."
"Hallykon","1","June 29, 2026","BUGGY MESS! Whenever i try selecting large or multiple blocks of text the app bugs out and deselects or jumps around the page. The app is unusable on mobile for me because of this. When i troubleshooted this i found that this has been an issue for 3 years!!! Look elsewhere for notetaking."
"AbdulHadi","5","June 29, 2026","good"
"Fx Royalty","4","June 29, 2026","best of the best"
"Chowdhury Zihad","5","June 29, 2026","My daily going app"
"Tshimologo Diale","5","June 29, 2026","The app itself is amazing. Although, you need to learn it for you to actually enjoy using it. Go on YouTube and start watching tutorials so you can know your way around visually, then come and try it for yourself. Remember you need to put in reps for familiarity."
"Zulfiqar Talks","5","June 29, 2026","👑"
"IKBAL HOSEN","5","June 29, 2026","Good"
"K Sherry","5","June 29, 2026","it is good app cause everything about is there... with help of chatbot"
"Pradeep Kumar","5","June 29, 2026","very good 👍 thanks 🙏"
"Nabi Morovati","2","June 29, 2026","so hard to work with! don't know how to achieve a note or page! nothing special!"
"div _","3","June 29, 2026","The app is amazing. The only issue is that the AI feature works for a few times only and then we need to upgrade to keep using it. The feature was amazing and now I can't use it without upgrading. If there could be an update that allows maybe 5-10 free AI use daily then I guess that would make the experience much better."
"Jean Z","5","June 29, 2026","best app for note taking for sure!"
"Dr. Shubhadeep Samanta","5","June 29, 2026","best software for students"
"Joshua Banker","5","June 29, 2026","very helpful ☺️"
"Pedja Jacic","5","June 28, 2026","Perfect solution for everybody!"
"Avnish Chandra Thapliyal","1","June 28, 2026","No one can see the ID of this app and this app ai mode issue effectiveness Of painting this app has been not be able ttps text to speech mode and not read aloud mode why are I am downloading this app duck.ai and some website AI has been here"
"Zakz Alatas","5","June 28, 2026","this is the best note app there is if you're a AI user this have every compatibility you need"
"Prayag Navarkar","5","June 28, 2026","good"
"SHIHAB H","5","June 28, 2026","my personal records easy to organise here"
"Matheus Botelho pontes","5","June 27, 2026","sinceramente excelente não trava, não tem anúncio e faz uma função que muitos apps pagos não entregam"
"Koora TUBE","3","June 27, 2026","complex a little bit"
"Henri van der Merwe","2","June 27, 2026","The absence of excellent ocr sadly disqualifies Notion as an Evernote or Amplenote replacement."
"Aditya Kumar Yadav","5","June 27, 2026","Really needed this app to track my work,projects and portfolio.Thankyou notion....."
"Mʀ Kʜᴜʙᴀɪʙ","5","June 27, 2026","Notion saved my project — literally. I was working on a project on my PC when the power suddenly went out before I could save my work. I was worried that all my hard work was lost and that I would have to start from scratch — but thanks to Notion's automatic sync, everything was preserved. You saved me this time. 5 stars, without hesitation."
"Abiola Farayola","5","June 27, 2026","✨️✨️❤️"
"Alex Lima","1","June 27, 2026","I used to love Notion. Came back to it after using something else because of work, it's filled with useless AI stuff that you can't opt out of. I don't even care about AI as long as it doesn't get in the way. Notion shoves you into your face in the worst way possible. Good riddance, I guess."
"Rachel Braddock Bayles","5","June 27, 2026","Really enjoy this app. Helps keep me on track."
"Maurice Dusengamungu","5","June 27, 2026","best AI ever I see"
"Moses Caleb","4","June 27, 2026","this app is beautiful it's easy to operate on and I love it"
"Aidan","5","June 27, 2026","dear Dev's I am having a issue with the app the app shows black screen on my phone it was working fine I just factory reset my phone and install it now it's having a black screen. my phone is Xiaomi mi 10i. and I love this app 💪"
"Malaika","4","June 27, 2026","I always keep my notes in notion... It helps me to be organized.."
"Jaydee Dixit","3","June 27, 2026","it's nice just very complicated"
"Dhruv Das","5","June 27, 2026","awesome and very useful app"
"Mauricio Camelo Mateus","5","June 27, 2026","Gran herramienta para la organización. la versión gratuita es genial."
"Kayla Nixon","3","June 26, 2026","it honestly seems like a really dope app. its a little overwhelming figuring stuff out at first but I didn't even get that far because the free version from what I've experienced so far is pretty limited. I used one of the ready made templates available and kind of customized my home page but i can't actually use the app the way I need to without paying to upgrade. on top of that they want you to link your account to another site and you have to pay to upgrade to fully use that one too."
"Lerato Tlholane","1","June 26, 2026","keeps changing settings"
"Skylar Southard","2","June 26, 2026","After the recent update, I lost the ability to upload images and PDFs, and none of the charts display."
"Pamela Morante","5","June 26, 2026","Notion is top-tier app for me, providing templates, and it's good for organizing everything! Accessible, good design, overall functionality can be applied for both necessities and personal use. Keep up the good work!"
"Huzaifa Tariq","1","June 26, 2026","Do not purchase the AI plan on Google Play because apparently it does not come with the same perks such as image generation etc. that the same plan on their website comes with... They did not inform about this before and this is highly misleading. I have cancelled my subscription overall."
"ONYEKACHI KESHI","5","June 26, 2026","It's working as claimed."
"Zeeshan Ali","5","June 26, 2026","this is a superb app I love it , this app helped me alottttttttttttttttt in my studies, I personally use it for note down mcqs which I made mistake during mcqs prectise, this helped me a lot to revise it quickly, for making list of to do work in future , making notes, and so many other things"
"R J","2","June 25, 2026","When writing , speaking with no ai and deleting text. it deletes the words before what I want. irritating and unusable."
"MohammadAmin Nourinia","5","June 25, 2026","it's way useful"
"Keron Knight","5","June 25, 2026","great note taking app"
"Bellah Borja","5","June 25, 2026","Highly recommend if you are wanting to organize your life and build a second brain."
"RR Rayhan","5","June 25, 2026","Life-changing App."
"Anil Gupta","5","June 25, 2026","dear notion team. I have one request please allow to write with pen in notion like native note taking apps . It will be very helpful. currently pen doesn't work smoothly in notion"
"Emmanuel Nweke","5","June 25, 2026","Lots of benefits especially the AI"
"남주명","4","June 25, 2026","𝔾𝕆𝕆𝔻"
"Niranjan","4","June 25, 2026","The desktop version is the best, but the app needs more optimization it's bit confusing"
"Naveen santhosh","1","June 25, 2026","buggy, clutters, transcribing is worse, not stable app"
"Pradeep","5","June 25, 2026","This is a no.1 app for everything ✨I love this app 😘🫶"
"Heitor Oliveira","3","June 24, 2026","It used to be a go to app, but after it paywalled it's features it is not so great"
"Samuel Mangas","5","June 24, 2026","its mostly online, can be downloaded. has some quirks, but its good for haveing 5-10 notes in 1 note folder. better for keeping track of different things on a single topic"
"Yohannes Fikre","5","June 24, 2026","good app"
"Aruna Deen Sesay","5","June 24, 2026","Good"
"Saffa Mohamet","5","June 24, 2026","masha allah thnks CIO notion"
"N B","3","June 24, 2026","very good for organization but it has been super laggy lately. i'd like to be able to completely disable AI as well."
"madcodez","1","June 24, 2026","Love the app, bug fix request: when a page is open and I touch 3 dots to show page options, then using system back button closes the page goes back to home of notion instead of closing the 3 dots menu"
"Lauren Hamilton","5","June 24, 2026","support productivity app"
"Jobin Thomas","1","June 24, 2026","poor not friendly one"
"Mohamed Raffi","5","June 24, 2026","good"
"Wxxw Wxxw","5","June 23, 2026","It's truly a wonderful app that has helped me a lot 💋👠😁"
"Reza","3","June 23, 2026","it has some delay through connecting to servers and respond"
"Sai That Gai","1","June 23, 2026","Like the old Notion, Pre AI. It was great and I've used it a lot, but then AI started getting used and the quality is poor. thankfully, you can still use it without. why is everything becoming ai? the fad needs to go"
"Ing. Cuauhtemoc Coronel G.","5","June 23, 2026","once you get used to, it is very practical."
"Gabriel Horlle","2","June 23, 2026","Why it's not possible to freeze the columns on the mobile app? Also, why is it so hard to move columns and properties order? Why you removed BRL as a currency option?"
"Samiya Saan","5","June 23, 2026","I love this app it is so organized and I can do work with it"
"Rene Leonard Mendoza","5","June 23, 2026","Nice and fun way to organize details, events and plans."
"Aurilio Brilliants","5","June 23, 2026","well"
"Amanuel Lemma","5","June 23, 2026","👌"
"Yared Wube","5","June 23, 2026","good"
"Sevara Mamatvaliyeva","4","June 23, 2026","All the necessary functions are in one app, which is very good."
"Dwi Sri Wahyuni","5","June 23, 2026","very useful app"
"Ethan Core","1","June 23, 2026","Used to work very well but just doesn't load or is down every other day now, at this point it's just holding my notes hostage so why even bother with this over google docs"
"Andrei Besinio","5","June 22, 2026","For me this is 5/5 because after using it for 1 day it really shocks me I can use this for my school works ngl"
"vetvisitors","4","June 22, 2026","Nice app but offline it doesn’t work well. and slow app though heavy app"
"Jasmine Pham","1","June 22, 2026","Doesn't have even a basic working search inside my docs? how can you find specific links, so useless 😅"
"K-no Sosa","5","June 22, 2026","Notion really helps me focus and stay organized. Truly helpful ."
"Nanda Sathya","1","June 21, 2026","Can't drag and drop block. Always back to previous page every I clicked ""keyboard hide"" button. I just want to make a new page, but I need to wait more than 5 minutes to wait the page to load."
"Anom","3","June 21, 2026","Mobile app UI/UX is meh. It's better in desktop."
"Gaurav gusain","5","June 21, 2026","good very positive vibes"
"Md Riasad","5","June 21, 2026","Open link on system's default browser isn't working. The app opens in an non default browser which is not expected."
"L S","1","June 21, 2026","WARNING: 2 FACTOR AUTHENTICATION IS NOT WORKING CORRECLTY!! I had to login to my accounts again tonight because the poor desktop app design and it failed to require my authenticator app which is the only method I approved. It instead sent me email codes which is far less secure and not something I authorized. My authenticator app is present in my settings. If you work in an enterprise environment this is a significant concern. Massive failing by Notion here."
"علی","5","June 21, 2026","Best Note App With AI"
"Isa Beka","5","June 21, 2026","Best app for my current life and work !"
"Coolshegs","5","June 21, 2026","Super cool!"
"Urwa Fayaz","5","June 21, 2026","this is an amazing app"
"Website Studio","5","June 21, 2026","Very good 2 years experience with Notion App"
"Dinakar D N","4","June 21, 2026","👍"
"D Test","2","June 20, 2026","Bulky square view instead of list view - if I were to have 500 notes, I would need to scroll forever. Copy and paste from Google's AI Overview does not include hyperlinks."
"Rana","1","June 20, 2026","awful. one of my reviews for a book was deleted and I couldn't organize my curriculum the way I wanted because the option was no longer there to download a template. ai couldn't even help me get my review back. scummy."
"S. Shreya","5","June 20, 2026","I like how customisable this app is It can be a little slow in mobile but it helps me in making my own wiki and story writing"
"Kayla","5","June 20, 2026","Elite elite elite elite elite elite elite—I care for nothing else lol. The synced text boxes are the best thing since sliced bread. Eventually I'd love to see freeform page types but until then I'm LOYAL."
"Ahmed Abdelrahim","1","June 20, 2026","This app is a thief! I discovered by coincidence that it's uploading daily from my phone and I have no idea which type of data! everyday more than 1 GB! never saw something like that on the Play store"
"Kashif Jameel","5","June 20, 2026","Please start my text chat"
"Deni Temirov","3","June 20, 2026","try to get as much money out of u as possible..."
"Rifqi Ardiansyah","1","June 20, 2026","Jelek Lemot Gajelas"
"Hemu Khan","3","June 20, 2026","Notion's loading time and lag are a bit excessive. It would be great if this could be fixed."
"Stacey Saucier","5","June 20, 2026","seems to be easy to use"
"F AzaeL Pérez Cabrera","5","June 20, 2026","Una aplicación practica de usar, debo decir que al principio complicada pero una vez sabiendo como usarla de forma correcta, todo se reduce a una forma práctica y fácil de usar"
"Masquerade Misu","4","June 19, 2026","broken, ai chats say 'no internet connect' when im online after 1 reply, if i open a new ai chat it works, then stops workinf after 1 reply please fix this function update: fixed! forgot to update this review"
"Siddharth Verma","1","June 19, 2026","Holy cow exports take longer than heat death of the universe. Desktop app for the win."
"Howard Bob","5","June 19, 2026","love this software 😍"
"Nir Elbaz","5","June 19, 2026","my favorite second brain app"
"Silvia Siret","5","June 19, 2026","I can't live without it now, it's just so helpful for me as a therapist. I can give my clients my full attention, and I get helpful summaries and therefore keep a consistent client file. I can use AI to clarify things like symptoms I've never heard of. I can ask it to create those summaries In a way that is helpful for me but also, if necessary for court purposes. Just fabulous!"
"Ryujin Jenner","2","June 19, 2026","it has got some of the best features but it's tooo slow 🦥 and it gave me literal heart attacks several times by disappearing ALL of my work in here. I reinstalled it and still it wasn't there until I had to switch accounts (there're copies of my single account in here) and I found it BUT when I tried switching accounts(in my single account) before reinstalling it was in NONE of them not even on laptop!"
"Amir khalighi","5","June 19, 2026","This app surely can structure your mind."
"Paul Clifford","5","June 19, 2026","Great app for keeping notes and plans. Even used the built in AI to convert a list into a to-do checklist."
"Belfry Beauty","5","June 19, 2026","bit of a learning curve but once you understand how everything works... the possibilities are endless. amazing what's offered on the free tier"
"Heber Chavez","5","June 19, 2026","Me encanta esta app de notas. Es tan completa y tan increíble. Lo que más me encanta son los widgets. Por eso me gustaría que hubiera más opciones para personalizar nuestra pagina, más libertad con los bordes y entre lineas, etc."
"Dennis Mukadah","5","June 19, 2026","this is great spp that syncs with updatesi make on my pc"
"Harsh Ingale","5","June 19, 2026","good"
"Devamshu Rao","3","June 18, 2026","It is a great app, but the only problem is that it lags a lot."
"Kavyansh chauhan","5","June 18, 2026","this is very good app"
"Pratik Kachhap","3","June 18, 2026","It's really good for documenting whatever you want. One thing I don't like on the desktop app is that whenever I open a single tab and close that tab then the whole app gets closed which is totally annoying. If there is already a close button on top right corner, why the whole app has to get close if I open one tab and close that one tab. Hope it gets resolved soon."
"VIKAS KUMAR","4","June 18, 2026","nice application 👍"
"P NNn","5","June 18, 2026","Excellent app, very useful and easy to use."
"Adonias Andarge","5","June 18, 2026","Just Amazing!!!"
"sonia soares","5","June 17, 2026","Excellent. I loved it."
"Jennifer Krabbe","5","June 17, 2026","I saw on Reddit that this is the app to use instead of Evernote. It's great."
"Johnny Polanco","5","June 17, 2026","great app"
"Ahmed Yoomin","5","June 17, 2026","good luck 🍀🍀🍀"
"Amit Behera","5","June 17, 2026","Awesome"
"Bekalu Gizachew","5","June 17, 2026","nice note taking app"
"Aaron Mortimer","2","June 17, 2026","I dont use this app too often, but I usually keep comments saved and not post them, as I find it annoying to have many comments on an entry, however they seem to have been deleted. This is quite irritating as I have been keeping lists of milestones on here for a couple years now and noe they are deleted, If I had known I would have posted the comments, I can't find a way to get these comments back either."
"Bedirdin Mohammed","5","June 17, 2026","I like it"
"Sabil","4","June 17, 2026","the best on laptop/pc but not on my phone. hopefully this app can works well on my phone. love notion ❤️ new: perlu ditambahkan fitur button ""now""/""today"" pada fitur reminder"
"Camron Andelean","4","June 16, 2026","I'd needed to edit a template, and spent +15 minutes speaking with Ron(your AI). Eventually, getting absolutely nowhere and even switching Ai's, I'd gotten, from an assumption, the reason I could not hide the properties in the template because I was using an Android. I wasn't given any visibility dropdown nor unpin icon, not that I would've known those existed until I installed a computer emulator, just to toggle an icon. Thank you Notion, very cool!"
"Deepangana Saha","5","June 16, 2026","It really helps the people who are messyl and want stability in life. The notion helps you to keep track of everything"
"Jessica","1","June 16, 2026","Customer services is useless. Locked out of my client info page. They are telling me I need to request access from my admin. I AM THE ADMIN. I use Notion independently, I don't have any other users on the platform! They won't listen > years of data LOST! Unacceptable!"
"Brozja Russell","1","June 16, 2026","needs work. to monotonous"
"Sher Jan","5","June 16, 2026","Great App"
"Udaykarthik Sankar","5","June 16, 2026","I love the app"
"alvin mwangi","4","June 16, 2026","worth it"
"Yoga Wahyudi","1","June 16, 2026","tidak biaa copas di notion mobile"
"Phone Myint Thu","5","June 16, 2026","this is pro app"
"Cheena Singh","5","June 15, 2026","love this app. one of the best inventions for a second brain"
"Brianna Lewis","5","June 15, 2026","love it"
"Adwaith Sreeland (Adwaith S. R)","1","June 15, 2026","not for me."
"DouG","1","June 15, 2026","Vocês querem que eu crie uma conta e já saia fornecendo dados pessoais para sequer testar o aplicativo?! Complicado, desinstalado."
"AHAMED SHARIF","3","June 15, 2026","Thank"
"Duane Marcel","5","June 15, 2026","Best production application ever"
"Super Man","3","June 15, 2026","Can't even use this app without giving them your email address, and it won't accept my other email addresses that I use to stop spam"
"wlsn kjr","5","June 15, 2026","amazing"
"Maria Isabel","5","June 15, 2026","excelente aplicación, es intuitiva, ayuda a organizar muy bien los datos que para los que estudiamos de forma visual esta super"
"Klaas Kamstra","5","June 14, 2026","its just a really awesome application!"
"Janibie (Jabie)","2","June 14, 2026","AI convo has limit"
"tjy","4","June 14, 2026","This app only deserves 5 stars if it has a completely black mode, toggles for disabling Ask AI, chats and inbox feature as they weren't unnecessary to me. I should be aware that I need to always type notes in offline mode as I can't open some notes if I'm not online."
"Ced Baba","5","June 14, 2026","I love it I love it I love it"
"Zawar iqbal Hussain","5","June 14, 2026","good experience"
"Cyrille Hoeltzel","2","June 14, 2026","Notion is a great tool, but the mobile app often struggles to open pages altogether, independent of network quality. This makes it a very unreliable tool for mobile."
"kitu Kho","5","June 14, 2026","this app is very best for student i am very happy for this app thanks for notion love you ❤😘🤟"
"r R O G E RGA L L E N (recon2e)","5","June 14, 2026","i can do all kinds of projects and switch from devices or web easily and everthing saves as i go. i can be certain to find all my work and projects all in one place. AI agents. it's firwRd thinking and ready for the future now"
"Bomi Nkohla","1","June 14, 2026","slow application"
"Twitchy Nose","1","June 14, 2026","Poor UX, buggy and now with GAI slop. To focused on enterprise, while ignoring important features and usability issues."
"Adrian Murashil Farsya","3","June 14, 2026","Prefer desktop or website (Notion.so) mode"
"Reyhaneh Abyaz","5","June 14, 2026","عالیه"
"Alex Andro","2","June 13, 2026","When it works, it's great, but half the time, I'm unable to open things in the app, preventing me from updating my own info. I have issues on both pixel 6pro and 4th gen ipad"
"Santhosh Vishwamitra","1","June 13, 2026","After updating, again and again app crashing as update app to use. Became useless now. Nust waste of space."
"Mya Theingi","2","June 13, 2026","good"
"Hedayat Bakhshi","4","June 13, 2026","This is great and I love this app but this app is missing some features. We need a download or make everything available offline to the toggle button, because it feels disgusting to download every single page inside the Notion and hope they add this feature in it."
"STAR GHOST","1","June 13, 2026","توجد أخطاء تقنيه مستفزه مثل عند الدخول لقائمة التغيير اللون الخاص بالجدول لا يمكنك التمرير للأسفل/للأعلى لأختيار جميع الالوان الخلفيه - الذكاء الاصطناعي محدود للغايه وغالي في سعر الاشتراك ومن المفترض أن الذكاء الاصطناعي مجانا مثلا كل يوم 15 استجابه من الذكاء الاصطناعي إذا أردت اكثر اشترك بهاذه الطريقه سيكون أفضل بكثير - قومو بأضافة الوان اكثر لنصوص والجداول وأضافة خطوط لنص ليجعلها مميزه أكثر - قومو بأضافة شرح/تعليمات لكل شي لان هناك الكثير من المميزات صعبة الفهم جداً بالتالي لن يستخدمها احد"
"Yiğit","5","June 13, 2026","Baya kullanışlı uygulama disiplinimi geliştirmek için kullanıyorum."
"AMRIT TIWARY","2","June 13, 2026","great potential. the mac app is good the phone app needs lots of work. cant copy small section of texts from ai etc. its not user friendly interface, especially the ""/ai"" etc. most of the time on samsung app cant mention a recent page for ai. the phone app needs lots of work"
"Amanda","3","June 13, 2026","Templates won't open or save to workspace. I've updated my phone/app, cleared cache, enabled permissions, uninstall/install, restarted phone, changed screen zoom and font settings"
"Asif Khattak","3","June 13, 2026","Unable to unlock Database on Android..."
"Tanvir","5","June 13, 2026","Coming from One Note because of their syncing issues, I love Notion so much. Love it more because they removed AI from my account after an appeal and it became much faster. Though it should be a feature. I feel more secure using this app. I will criticize after using a year."
"Khushi Patel","5","June 13, 2026","This is exceptionally amazing."
"Devadhathan K Suresh","5","June 12, 2026","it's got everything that other notes apps don't have never gone need a nather notes app in my life"
"Shadi Dev","1","June 12, 2026","can't disable ai. I keep starting a chat whenever I want to create a note."
"Mohamed ElSayed (‫العربي‬‎)","5","June 12, 2026","Good"
"Raj Shanto","5","June 12, 2026","good software. but I face it runs slow sometimes."
"pramod B","1","June 12, 2026","really frustrating app to navigate. no options are visible properly, AI says go to Hamburger menu but there is no menu on the homepage."
"Yellowscar","2","June 12, 2026","The page refusing to scroll up/down when I try to select stuff on mobile pisses me off, and it scrolling back upwards whenever I try to select some, scroll down, and select more is worse. And relying on AI sounds like a security/privacy risk and environmentally dirty. But the toggle lists are amazing and its main competition is Google Docs and Microsoft Word... two programs by companies I consider morally bankrupt as of late. You have room to do MUCH better, but your competition is far worse."
"Manuel Castro López","5","June 12, 2026","Can't live without it!"
"Mauro “Mo” Perez","5","June 11, 2026","Notion is an amazing and very versatile organizational tool once you get the hang of it. And it has a very generous free tier. Highly recommend for any todo nerds, list junkies, and multipurpose writers"
"3xpl0Ore","1","June 11, 2026","lost all my ta do's, I had very important tasks and ideas in there and now there are all gone, I dont know what you guys did but you sure hell messed alot of things up that im going to have to get back, hopefully I can......"
"Sneha Sinha","5","June 11, 2026","Better than generic notes or calendar app, although I am new to use, the very versatile options have left me shocked from planning groceries to monthly budgeting, it is truly amazing, its very beginner friendly however you can be as creative as you want. I am still new to the app, so exploring the many ways it can boost my productivity. p.s : the feature of many pages as part of one still the best so far :)"
"Josephine Ayison","3","June 11, 2026","good"
"Kashinatha Gade","4","June 11, 2026","GOOD"
"Shawn Marvin","5","June 11, 2026","highly recommend 👌"
"Sabyasachi Ray","5","June 11, 2026","ok"
"Diana Velvet","5","June 11, 2026","I am loving every moment building on notion. It is the most flexible platform in the world."
"Matheus Chaud","5","June 11, 2026","Fantastic app!"
"María Andreina Díaz","5","June 10, 2026","I love the simplicity and at the same time the capacity of Notion."
"Silvia Szakalova","5","June 10, 2026","notion AI is life-changing"
"Heyy AhFer","5","June 10, 2026","Cokkk iyii"
"Terrell Smith","3","June 9, 2026","I just didn't need it at the time"
"Anshul Rawal","1","June 9, 2026","this aap is ridiculous it has to support student, not focus on business. Such a rascals."
"Amer Ahmed Shareef","5","June 9, 2026","Best"
"Mr Tobi","5","June 9, 2026","perfect"
"Karthik VS","5","June 9, 2026","The power of Notion in your android device!"
"MOHAMMED DWALE","5","June 9, 2026","I like it"
"Joao Vitor Silva","5","June 9, 2026","Absolutely fantastic app for notes and learning. I've been using it for a while and have no complaints"
"Priyanka Singh","4","June 9, 2026","ALL THINGS ARE GREAT BUT PROCESSING OF THINGS ARE SLOW IN SIMPLE WORDS DOING CHANGES LIKE DELETING IS SLOW AND BUT THIS IS VERY GOOD APP EVERYONE SHOULD TRY IT AT LEAST FOR ONE MONTH !"
"Angga Wahyu Gunawan","2","June 9, 2026","tidak user friendly"
"Kavya Jyothi","1","June 9, 2026","not opening the file even my internet is working it's asking for connect to internet"
"Nikolay Nikolov","5","June 9, 2026","Best journal"
"Getnet Amsalu","5","June 9, 2026","we want to work more task like calculation team managment, salary and business management more advanced"
"Rafi Hadianto Aribowo","5","June 9, 2026","sangat membantu untuk pencatatan daily"
"Anurag Gond","5","June 9, 2026","it's a very useful app if you really want to manage your work, routine, habits etc. I am using this app from 2 months and it's awesome 😎😎."
"RG PH","2","June 8, 2026","se necesita tener internet para verse las anotaciones, en serio?"
"Ali Bexar","5","June 8, 2026","Best app in my mobile for ever that's so awesome 👍🔥🔥🔥 Thank you notion you change my life"
"Mohamad modi","5","June 8, 2026","so good app i like this i love this ❤️❤️❤️❤️❤️❤️"
"V Ks","4","June 8, 2026","Notion with this specific template made for GTD is the closest i have come to finding something that fits my needs and actually keeps me on track."
"Hamza Endris","5","June 8, 2026","good"
"Hamod Aeed","3","June 8, 2026","There's a problem with the background color menu after the last update"
"Irakli Okujava","5","June 8, 2026","simple to use"
"Towsif Hasan","5","June 8, 2026","It's very helpful and useful apps."
"Bruce Fletcher","5","June 8, 2026","ultimate research and note taking app"
"Disha","4","June 8, 2026","Can you update the widget sizes. One takes more suave than needed. Page 2*2 is more like a 3*3 also it could be 1*1 icon only"
"Rocky De Rock","4","June 8, 2026","notion is absolutely amazing for my productivity"
"Rolando Guban jr","5","June 8, 2026","is a powerful, all-in-one workspace that has become the gold standard for individuals and teams looking to consolidate their digital lives. Whether you are managing complex projects, building a personal knowledge base, or organizing daily tasks, its flexibility is its primary strength."
"Tahseen Jannat-5299","4","June 8, 2026","very good. but after using 20 time the free version has been permanently gone"
"Aadi","1","June 7, 2026","very laggy app plus website also feels very laggy"
"Urvi Chintanippu","4","June 7, 2026","I love notion but I feel like the fact the u can only get a few ai responses from free bit the ai does soo well. I just love it manages my life so well. Thank u team notion 😄"
"Keshav Gonde","1","June 7, 2026","Many difficulties, Content vanished automatically."
"Piotr","5","June 7, 2026","Great app + support is very helpful"
"Cyril Engmann","3","June 7, 2026","recently the app feels like it barely works"
"ARVIND VIVAN HARALE","5","June 7, 2026","⭐⭐⭐⭐⭐ Notion is an excellent productivity tool for organizing notes, tasks and projects in one place. It helps improve planning, collaboration and daily workflow management. — Arvind Vivan Harale"
"Abid Hossain","5","June 7, 2026","very very very good"
"Annu Bharti","5","June 7, 2026","good"
"Shravan Tirunagari","5","June 7, 2026","excellent for GDT"
"Calm Khush","5","June 7, 2026","good service"
"Farhan hasen","3","June 6, 2026","very perfect app"
"Abi","3","June 6, 2026","This app is good, but please add some tutorials. It can be confusing for new users."
"Arman Jahanbin","5","June 6, 2026","very very good"
"Fazil","5","June 6, 2026","Simply superb"
"Bubele Retshe","5","June 6, 2026","Seamless and great for writers"
"Shanni Shrivastav","5","June 6, 2026","thiis is best app for study because it give us fast answer with notes image"
"Jeonghyun Mun","1","June 6, 2026","amount of hours spent one this to use this app was wasted. I absolutely have no idea how the hell this app has 4.6 rating."
"Abi Mollinedo","5","June 6, 2026","Una de las mejores aplicaciones que he probado, h la mejor como base de datosnpara poner en orden mi vida!!"
"Sudais Afridi","5","June 6, 2026","This App is a greatfull"
"William Zulu","4","June 6, 2026","Nice"
"Albert Klassen","4","June 5, 2026","very slow"
"Tosin Hammed","5","June 5, 2026","So cool"
"Paul Mckenna","2","June 5, 2026","On a page block the background colour menu doesn't scroll, popup window is frozen. Also the Action menu is frozen and won't swipe down. Samsung galaxy s20"
"Reony Tonneyck","4","June 5, 2026","Dragging and reordering could be smoother on Android. Or selecting text. But besides that I love it"
"Betsy Ramírez","5","June 5, 2026","It's amazing!"
"toyin olakehinde","5","June 5, 2026","good"
"John Gathara","5","June 5, 2026","best am using it for my business inventory and it's amazing"
"Jade Anomaly","4","June 5, 2026","Great app. One big problem. A few months ago it started gargling input when using voice dictation. For me this is a serious degradation in usability. Upgrades haven't helped."
"Hari hara Sudhan","1","June 5, 2026","good 👍"
"Łukasz Kusyk","2","June 4, 2026","This app works so slow"
"Saber Orien","5","June 4, 2026","Notion is fantastic"
"Thurman Moore","3","June 4, 2026","Awesome app."
"Nicholas Kindel","3","June 4, 2026","i was loving the app until it stopped saving my updates. i used it for work for the last year but now I'm losing my info."
"samuel letuka","5","June 4, 2026","The best app for organising your life and business."
"Maria Brand","4","June 4, 2026","love it! one star reduced only because it's not, yet, fully optimised for mobile ( eg undo button needs too many clicks), but all in all an amazing app that I havent even begun to fully take advantage of, because it has so much cool stuff!"
"Bethany Pilcher","1","June 4, 2026","suddenly saying I am offline and can't access any of my pages!!! please help"
"Kieran","4","June 4, 2026","I love the creative freedom to create something that helps you organise all your thoughts. UI can be slightly clunky."
"Toshiello","3","June 4, 2026","Sometimes, even multiple times a day, I go to make a new page or click on an existing one and the page just straight up doesn't load. I have to exit and clear cache for anything to happen. This is both on mobile data & wifi. The app has a lot of annoying glitches like this even as someone who doesn't use it too often."
"WALI","5","June 3, 2026","Best of all is notion no hype it is what it is"
"Jessica and Thorsten Richardson","5","June 3, 2026","actually this is a wonderful app you can do anything with your budgets , household needs list , notes goals its so flexable and im juat using the free version."
"Vittoria Lape","1","June 3, 2026","I don't wanna use AI slop, deleted app"
"Krišjānis K.","1","June 3, 2026","Every week something new just stops working randomly"
"Victor F","1","June 3, 2026","Pushing AI made me uninstall and move apps. Get your wasteful sloppy garbage off my devices."
"Viraj Salave","5","June 3, 2026","good app"
"Kshitij Taneja","5","June 3, 2026","There is a learning curve to it. But it is worth it. I got sold on the AI note taking ability of this. This is transcribing all my meetings making sure that nothing gets missed and is always available for me to refer back to while I focus on understanding and noti g my insights"
"Seph","1","June 3, 2026","recently on Android for some reason images have been resized for me, no matter what I do, even in a new page, the images are always tiny, but appear normal on desktop, and even can appear normal on mobile, this is a serious resizing glitch that never happened before and I hope you fix this soon, it doesn't look pleasant and I did everything I could including deleting and installing again, other glitches have been happening too that makes navigating very difficult and laggy. please fix this."
"Ibrahim Khan","5","June 3, 2026","good service"
"Roshan Kapoor","2","June 3, 2026","This app is useful, but I'm facing issues with copy pasting the content. It's not being copied to clipboard due to which I'm not able to copy the content in any other app. I mean you type in the content with so much effort, only to find in the end that it can't be copy pasted and re-write the whole content again. Please fix this bug."
"shirin hertzman","5","June 2, 2026","The app is wonderful for when you need to organize your mind and think about the little details. Whenever it's about projects, jobs, fun ideas or just a list of books I liked, it helped me organize it beautifully and skillfully. I very much recommend it as it is practical and of much use."
"Ebrahim Rabie","1","June 2, 2026","The PC version is excellent, but the mobile app has become a disaster after the recent updates. It is extremely laggy, full of bugs, and lacks basic stability. It feels like the mobile version is completely neglected compared to the desktop. It needs serious optimization and immediate bug fixes because it is currently unusable for quick notes on the go. Please fix the mobile experience!"
"Olivier Tassinari","3","June 2, 2026","A ton of bugs on mobile: - different UI between mobile app and mobile browser - mobile app: can't open more than one page at once - mobile app: needs to tap 3 times to open a page after search - mobile app: the toolbar to perform changes randomly disappears - mobile browser: broken margin of the page, its way too small - mobile browser: it's slow to load and burn into the RAM Overall B level execution. It's not bad, but not A and clearly not A+"
"Deva Agith","4","June 2, 2026","good for professional people"
"Pogiri Jagadeeswara rao","4","June 2, 2026","very easy to maintain notes"
"Mohammed Adil","5","June 2, 2026","really helpful"
"Piumi Rajapaksha","5","June 2, 2026","It's an everyday thing for me. Notion runs my whole life. If one day the app ceases to exist, I will glitch. Thank you for all you do."
"Jemson","1","June 2, 2026","it's so hard to edit especially on mobile, every time I go to next line it's going to next block, and when it's list it's going the same, and some aren't list is not going to next block. it's like so messy and hard to control. so badddd app fr, don't download it if you don't want headache lmao"
"Nathan Byrne Connolly","5","June 2, 2026","no complaints at all"
"Elliott Yott Hanes","5","June 2, 2026","it's detailed"
"Ahmad Nasrul Rozak","5","June 1, 2026","the most used app for work with team"
"Daniel “M.D.H.”","3","June 1, 2026","we need text alignment in the menu for a more organized look. thank you."
"Alex Von Hoene","1","June 1, 2026","nags for reviews! very annoying, I'm trying to do work!"
"Sheikh tijan Jobe","3","June 1, 2026","thes best Journaling app"
"Brittany Windham","4","June 1, 2026","navigation is a little more cumbersome on some builds, and formatting isn't as straight-forward when copy & pasting, but I like it. I would like the ""share"" to Notion page option to be more precise as well."
"Shin chan","5","June 1, 2026","Very verb good for notes."
"Yunnie Cat","4","June 1, 2026","everything is perfect. but there is a tiny thing I would like to feedback. I am reading a specific page and checking information within another application at the same time, and when I backward to Notion app, it open the homepage. It's so annoyed. please improve this 🫩"
"arabellajoanna alfaro","5","June 1, 2026","good"
"Alexii “OZONE” ZD","5","June 1, 2026","Fits well with my characteristics and special Obsessions because it's widely covered and yet not overwhelming for new users."
"Knight of Avalon","5","June 1, 2026","Its nearly perfect for notes good stuff hoping we could get at least free ai per day but regardless still good"
"Makena Lundin","4","June 1, 2026","Honestly I love it, it works really well there's a ton of templates for free, no ads, and honestly just super helpful. My only thing is that there isn't like customizable background colors so everything is the same color, but like there is still a bunch of ways to customize each page so honestly I would so recommend it"
"Shahna Minnu","4","June 1, 2026","its good for study"
"Harsh Chandra","5","June 1, 2026","goood comunication to notebook"
"Benedy Mo","5","May 31, 2026","this app is just wow 👌🏻 👏, it has boosted my workflow as a Brand designer"
"Carter Jenkins","5","May 31, 2026","awesome"
"sookie.","2","May 31, 2026","I do love the app, but the format with imported images automatically resizes on the computer, and I HATE it. It didn't matter if the quality of the file was small, since it could be expanded. Now, it doesn't do that. Another thing, it's very organized and simple. However, on the computer why are the DAMN words spaced out. 'It's to be consistent and easy to read', THEN MAKE IT AN OPTION on the sidebar!! I am looking at my bulletin notes, which is so hideous. ---- I DON'T WANT ANY SPACING!!"
"Muhammad Zaidaan (zaidaan)","5","May 31, 2026","actually, okay."
"Jeanne RavenWolf","5","May 31, 2026","Game changer!"
"Hany Dorry","4","May 31, 2026","nicely designed, slow some time."
"Joshua Shakir","4","May 31, 2026","great app. sometimes it just doesn't work, but for the most part they get it back up and running in no time"
"t S","3","May 31, 2026","The app used to be great and I still like its functionality , but something happened with the recent updates, and it's so slow and laggy. plus, I can't get rid of that little AI watcher in the corner."
"jana","5","May 31, 2026","the BEST notes app. but could there be a custom color feature added? it would be really cool and honestly thats the only feature i can think of recommending because notion already has it all, just not that.."
"João Bravo da Costa","5","May 31, 2026","Notion is the best app of its kind."
"Vosshindran Thiyagaraja","1","May 31, 2026","Notion is so buggy in android"
"Victoria Motolani Sogelola","5","May 31, 2026","Its an excellent app that helps you bring you thought to life. Your plan, its great for note taking, excellent to achieve to do list and etc."
"Asho Khan","5","May 31, 2026","best app"
"1Macaw","1","May 31, 2026","Stupid program with limited options, look elsewhere for better apps. EverNote, Obsidian, etc This is a second grader attempt at a note program, ridiculous."
"Youcef SIKI","3","May 30, 2026","The app offers a poor user experience The back button has several issues, particularly in the ""multi-select"" menus, where it's not present. Pressing the system's back button returns you to the home page. There's also a delay in database response. Currently, using the browser is easier and faster than using the app."
"John Otiro","5","May 30, 2026","it's the best tool for organising your life and work and track alignment for your dream life."
"Richard “Richie” Smeaton","2","May 30, 2026","short"
"Acm","2","May 30, 2026","too complicated"
"Abhinav Hingaa","1","May 29, 2026","Why does the back button not exit the app ? Leech app to suck your data and forces you to pay for your own data."
"Heath Bailey","1","May 29, 2026","not working"
"Solar Moon","1","May 29, 2026","greedy, greedy devs, overcomplicated and slow app. I absolutely dont recommend"
"Kin Gexo","4","May 29, 2026","kinda xonfusijg but really good"
"David Rubio","5","May 29, 2026","Notion has helped me to organize my life, one of the tool I used most frequently"
"Sami Cooper","4","May 29, 2026","Covers the basics for notes and lists, and even mid-level Project Management tasks"
"Go Nova","1","May 29, 2026","It was great untill it stopped me from copy pasting content from the app? I am able copy paste from anywhere else on my phone except for Notion?"
"Onur Çevik","1","May 29, 2026","Not optimized and difficult to use on android."
"Abdul Goffar","5","May 29, 2026","I am notion user from Bangladesh, I Love Notion Because I Use This Object My Second Brain"
"Abdulazeez Usman","5","May 29, 2026","if you're working on a project or anything important Notion is for you."
"Blessia K","5","May 29, 2026","i think notion is such an aesthetic app! and its handy too"
"Sameer Paranjpe","5","May 29, 2026","Love it! ❤️"
"Stephane Blyo","5","May 29, 2026","good app"
"deepak saini","1","May 29, 2026","trash"
"PariChoudhary Pchoudhary","5","May 29, 2026","nice app for students"
"Lav Kunwar","5","May 29, 2026","all good"
"Gabriel Celaya","2","May 29, 2026","It's fun app but I have a hard time using on androids."
"Anakin Skynwalker","1","May 28, 2026","I hate it. i have all my school and work on here with no way of transferring without paying and their severs work half the time. if you have pictures videos or anything other than text and they have server issues then you lose that. i can't study, i cant access my work material. we thought about a business subscription but i talked them out of it. Now you can only share up to 5Mib (with out $12/m aub) files per note page... was 6. load times are terrible. new broken update every few days."
"Mohamed Shiray","5","May 28, 2026","nice tool"
"Andre Victorio","5","May 28, 2026","It helped with my responsibility"
"Emmanuel","4","May 28, 2026","nice app for journaling"
"Sachin Vazhayil","5","May 28, 2026","best productivity app ever created."
"Sergei Biziuk","2","May 28, 2026","User interface is one of the wirst. Simple task - hightlight 2-3 pages of text, copy iy, and paste it in the se note. The highligher controls failing every time, in result - I have to hightlight by parts, annoying this is modern app, and such simple thing didn't got fixed. Other apps in my phone have no such problem. Hope for your attention to this, thank you."
"Pratima Devi","5","May 28, 2026","good"
"Nikhitha","5","May 28, 2026","it was very helpful for me... this app is such a wonderful app... 💜😚"
"Mohammed Ramadhan","5","May 28, 2026","best app"
"Shree krishna Radhe","5","May 28, 2026","very good"
"Consultant Abraham Bentu","5","May 27, 2026","lovely"
"Lakshay Kumar","4","May 27, 2026","This is working better than before."
"Romanos Skiadas","1","May 27, 2026","stop forcing AI down my throat thx"
"Karan Raj","5","May 27, 2026","so helpful"
"Rose Hubbard","5","May 27, 2026","Great app to keep track of expenses and manage your thoughts."
"Gemma Collett-Byrnes","5","May 27, 2026","I've been using notion for at least a year and its great, I can tell there is so much more that it is capable of than the basic idea and notes remembering i use it for. I've tried lots of similar apps and this is solid. I'd love a link to a tutorial when you first open it showing how to utilise all the capabilities it has. Recommended."
"Ahmed Mostafa","5","May 27, 2026","good"
"Yashaswini Thakur","4","May 27, 2026","its lowk magic"
"Prince Rathod","5","May 27, 2026","helped alot with My productivity"
"existence","1","May 27, 2026","consumes a lot of battery power and storage"
"Dhez Yamba","3","May 27, 2026","It's good for mobile, but I hope it gets easier to use (especially that the UI is kinda confusing)"
"valentino papaleo","2","May 27, 2026","tiene un potencial enorme. ahora anda a entender como armar algo que te funcione. prefiero Google Drive"
"Mewantei Lyngdoh","3","May 26, 2026","good"
"Princess Angel","5","May 26, 2026","I don't no ya app kasi hai per bohat achi hai sab download ker lo 💞"
"Aayur Rughoo","5","May 26, 2026","actually the best app ever the ai works perfectly and I would recomend it for everyone"
"Mamatha Komirishetti","4","May 26, 2026","this app is very good I created my own templates in them where I wrote my tasks and its very easy to make a template yourself without needing to write a code"
"Morwenna Mehrbrodt","2","May 26, 2026","I'm a big fan of notion, especially in the desktop app, but I would not recommend the mobile app. I tolerated its slow speed and clunkiness but recently they changed the normal search function to AI and although it might find the page I'm looking for I can never click into it. More recently the widget for quick adding notes, which was the main reason I would have the notion app on my phone, stopped working. since getting this app I have yet to see any improvements only downgrades"
"Yojan Usme Cardona","5","May 26, 2026","herramienta excelente. yo la uso para los registros diarios. tareas. proyectos. ejercicios."
"Cassie Newlin","5","May 26, 2026","This is my everything app. I use it to take client notes for work, as a task list and log of things I've done and need to do, a space to braindump all my random ideas, organize receipts and purchases for tax write offs for my business, a journal, a recipe book, and so much more... Your imagination is the limit. I'm still finding new ways to integrate notion into my life and make things easier. If youre confused, the AI chat can tell you how to do pretty much anything, or just do it for you."
"Juan Pablo Jimenezzz","5","May 25, 2026","excelente"
"Ragnar Lothbrok","5","May 25, 2026","Just what I needed. Using the free version to document study materials. I need to restart the app to see some changes appear properly, but overall a great app. 5 star though, cause it's free."
"Faizan","5","May 25, 2026","nice"
"JekaDance","1","May 25, 2026","I *do not* want to see ""aSk AI aSsIsTaNt"" all the goddamn time. I *do not* want to use it. I cannot turn it off in the settings anywhere. Nobody asked for this thing, yet u decided to shove it up everybodys throat"
"Zuheily Lizarraga","5","May 25, 2026","It's an amazing platform, I love its design and everything I can do with it."
"Terry Liggins","5","May 25, 2026","Awesome app. Works super well for me and a buddy to keep track of information and progress regarding a car we are building. Only using the free portion but that's fantastic enough for us!"
"Zun Pwintphyu","4","May 25, 2026","useful"
"Purple Mushroom","3","May 25, 2026","Experiencing bugs and things not loading expecially on android but also on the ipad app wvery now and then what's going on I love notion pls fix edit: 25.05.26. bugs are not fixed and its getting harder to use also on a druid mobile. im lovering my stars to 3. if this goes on I might have to find another platform. Who needs all these new features if the app wont work on its basic ones."
"Quirino Mario Picone","5","May 25, 2026","best note taker ever"
"Mobile Tools","1","May 25, 2026","laggy, bug: app is jaggy and ignoring steps when pasting (only delete the text without replacing it with the text paste)"
"kedir urgeso","5","May 25, 2026","good"
"Mani Prithip","5","May 25, 2026","good 😊😊😊"
"Dan Templar","4","May 25, 2026","for me it was very difficult to learn how to add a note and I had no idea how to add a blank note"
"Soham","4","May 25, 2026","Really good app Works great on windows too but I can't find letter formatting on windows and if it would have free hand writing I would have used it for my notes too"
"Ayush","4","May 25, 2026","nice for management"
"imonlysvt","4","May 25, 2026","notion has my whole life and whole heart in it. i cant live without this app 😭💗 the only thing that i slightly dislike is the search option, it could have been much better"
"乙モ尺口-匕山口","5","May 24, 2026","The best app for keeping track"
"Jayalakshmi BS","4","May 24, 2026","it's really good one"
"Maha lakshmi Sakthivel","5","May 24, 2026","best..."
"Artsy Sprinkle","5","May 24, 2026","I love Notion and depend on it everyday."
"Milcah Mutanu","5","May 24, 2026","it's a great app I was weighting 70 now I'm 52 I would recommend you to try it 😃🙂"
"Harsh Agarwala","1","May 24, 2026","Simply not worth the effort and time."
"Shahnoor Khan","5","May 24, 2026","this is one of the best app for students study"
"Veer Singh","5","May 24, 2026","An impressive app everyone should use this app to make their work flow better."
"Marêssa","2","May 24, 2026","love Notion but this app is so stressful"
"ivleaf2ws","5","May 24, 2026","Can be overwhelming at first, but once you start understanding how things work, it gets much easier and actually fun to use. The overall user interface is fantastic and easy to customize."
"Tejas Mohite","4","May 24, 2026","it's a classic life tracker everybody should download this man.... classic"
"Aman Sharma","5","May 24, 2026","great app"
"Cikiva Madilyn","5","May 23, 2026","love this app"
"Kit","1","May 23, 2026","hate"
"Rakib World","5","May 23, 2026","Best"
"Tori","3","May 23, 2026","yo I cant add pictures"
"Abrar khan","3","May 22, 2026","The app needs updates, it's pretty buggy"
"Darius Bagheri","2","May 22, 2026","terrible android experience"
"Joolls","1","May 22, 2026","Laggy, lost all of my informations, barely can customize anything, stress..."
"Michelle Bergeron","3","May 22, 2026","when it works, it's great. however, it routinely won't load pages and I get a blank page instead"
"Maani Beigy","1","May 22, 2026","It never works well on mobile, I have a great Samsung smartphone with good memory, etc but it gets stuck on loading a lot."
"ankit Kumar","5","May 22, 2026","very very very very excellent app and working smoothly"
"viny k29","4","May 22, 2026","Good features but the app is slow to use."
"3mar 7amouda","1","May 22, 2026","مش مورينى اى حاجة غير دايرة التحميل"
"Muhammed Halil HAZAR","2","May 22, 2026","online olmama rağmen offline mışım gibi notlarım kapalı duruyor"
"David Pescod","5","May 22, 2026","Great app keeps you well informed"
"Wendy Ogilvie","5","May 22, 2026","After joining a Business Skills for Creatives course, I realised I needed to streamline my entire editing Business. Notion has been the best platform I've found for keeping track of everything from article ideas, brand notes, goals and client information and data. I'm still learning, but it's been worth the time. Thanks, Notion!"
"prempeh Felix","5","May 22, 2026","💯"
"Khushi2011","5","May 22, 2026","this app is very useful"
"Altaa B","4","May 22, 2026","mmm good"
"Muhamad Nizham","5","May 22, 2026","notion is free and wild as your imagination"
"ጰጰወዘ","5","May 22, 2026","great full app"
"Keith Coggan","5","May 22, 2026","Notion is amazing at simplifying the entire process for lease agreements, and everything that goes along with that at our sober living houses. Streamlined and easy for anyone to use. Makes our job training for our managers much easier , and that's the most important part as far being accurate"
"C Escobar","5","May 21, 2026","Very dynamic, intuitive, and flexible. I keep asking myself why I used any other note taking apps because this goes beyond that."
"Success Nwauzor","5","May 21, 2026","incredible and easy going app for data tracking, data gathering and performance management."
"Ragavan R","5","May 21, 2026","This App is very useful for scheduling my daily habits."
"suman misra","5","May 21, 2026","Good"
"Rabeya Akter","1","May 21, 2026","whenever I use voice type, it always jumps onto the word before and makes a cursed word. like Muhammad Ali turns into IcMuhammuhammadmuhammad. this only happens whenever I change the font, (bold,italic etc.)or at the start of a new paragraph. it only happens on this app not any other.This sucks"
"Restore Basket","5","May 21, 2026","I love this app."
"Caroline Bliss","1","May 21, 2026","mobile app is basically nonfunctional"
"Juan Carlos Coutiño","5","May 21, 2026","great app 🫰🏽"
"Kabza Milano","4","May 21, 2026","Great app for setting goals and following up on them. It has a clean and customizable interface that works well for students, creators, and teams. The app offers useful collaboration and AI features, though beginners may need time to learn the system. Overall, Notion is one of the best productivity apps for organizing work and personal life in one place."
"Tommy H","5","May 20, 2026","so far, so good. I'm still learning how to use it. It's at least good for keeping notes. organizing and researching. I like it."
"Navtesh Rajpal","5","May 20, 2026","This app has let me track my progress in such a great way! love it"
"Robby Rodriguez","5","May 20, 2026","Truly one of the best apps! Ever since using Notion I've had less complications with the organization of my company files. Notion AI turns overwhelming data into clear, actionable information, automatically."
"Noman Pathan","5","May 20, 2026","best app for beginners"
"Noah Blankinship","4","May 20, 2026","A great program, but I wish I could disable the AI. Truly all the amazing features are made slightly worse by its presence, but still a decent app."
"Krisztian Toth","4","May 20, 2026","It feels over the top for my needs for now, but I am giving it chance still. no other app satisfied me. I'm hoping it's just the getting used to it phase."
"Meenakshi Bhardwaj","5","May 20, 2026","Best app ever, if you know how to use it . Only problem is 5 mb limit per page , i wish it could increase but for a free app it's great , no page limit and easy customisation."
"Preeti Kumari","5","May 20, 2026","In the digital age, tools define our workflow, but rarely do they capture our imagination. Notion is the rare exception. It is not just a software application; it is a canvas for the mind, a sanctuary for organization, and a testament to brilliant engineering. To use Notion is to experience the profound satisfaction of turning chaos into clarity. It evokes a deep sense of pride in anyone who values structure, creativity, and efficiency.At its core, Notion empowers human potential. Thanks"
"Ivi K. (XxIrvryx0)","5","May 20, 2026","very good app for taking notes and has a whole variety of things you can do. For me it seems too complicated for an app that is just for notes its for sure the best note app"
"Nik Sweeney","5","May 20, 2026","Everything I want it to be and more."
"Samuel Barans","3","May 20, 2026","customizable but has bugs like clicking in on a specific part of a database and not being able to swipe down on Android"
"Ellie","1","May 20, 2026","updating to give one star twice"
"Jaiden Jansen","4","May 19, 2026","The ultimate second brain, now with superpowers. Notion is already an incredible workspace for notes and databases, but its AI integration elevates it completely. The AI agent features—which can summarize long pages, autofill database properties, and answer questions across your entire workspace and connected apps—are massive timesavers. It is brilliant for project management. The mobile app can still feel a bit heavy and slow to load complex pages, but the AI utility is unmatched."
"Gugan Suresh","5","May 19, 2026","Nice app, everything was organised and there was Ai too So, it's useful but I want decor too!"
"Bruno Barde","4","May 19, 2026","databases and AI"
"Konang Favour (Blossom Phoenix)","5","May 19, 2026","The app is very 👍"
"a'kareem tunji","5","May 19, 2026","great app for me"
"Alexandru Cervis","4","May 19, 2026","On a foldable phone the app does not handle well switching from the outer screen to the inner, bigger screen. needs to be restarted often."
"Kaiza Coon (Lunos)","5","May 19, 2026","I'm not sure everyone knows this, but to get unlimited blocks you don't have any collaborators on your stuff. to share things without taking guests spots, publish your notion page. hope this helps! UPD: Notion is good, beautiful. I had a payment disagreement that was easily fixed and I chatted with real human support. Good customizations, strong community, overall positive"
"Sage Jordan","5","May 19, 2026","While it can take a while to load, and sometimes runs into issues, you can usually work around them until they get quickly patched. With so much utility, and feature-packed databases, this app stays in my all-time top 3. Templates galore, but designing your own is fun, too. The personalization and automation is almost endless; although I do wish you could make your personal ""space"" a ""page"" for more customization. Widgets provide shortcuts and workarounds, though."
"Ishe-Anesu Mutazu","4","May 19, 2026","It's an amazing app, as beginner user it's not hard to understand or use, plus it has great community, the only reason I didn't give it a 5 stars is because the mobile app is too compact, and the UI is made for pc, if it could be look and feel like a note taking app for mobile phones that would be great"
"Jagveersingh Jagveersingh","5","May 19, 2026","awesome app this is help full of my noval idea and notes coverage day to day journal idea 💡"
"Shilpaben Vekariya","4","May 19, 2026","Nice"
"Maureen Cruzada","4","May 19, 2026","This app is good, yes. Just the problem is how do I put music in the same app without opening the Spotify or any music apps"
"B T","1","May 18, 2026","cant copy anything, deletes my notes if I leave screen. sucks. moving away"
"Imogen Clube","5","May 18, 2026","The app is all together amazing, love all the different things that can be done in it, few downsides for mobile users (such as the linking pages to text and not being able to use the slash command) but altogether awesome."
"RANI MATLOOB","5","May 18, 2026","Amazing 🔥🔥🔥"
"Shakil Taz","5","May 18, 2026","good"
"pradeep m g","1","May 18, 2026","poor app"
"Wright “Selktion” Selection","4","May 18, 2026","Not just Amongst the best, it is the best."
"Chris","1","May 18, 2026","This used to be the best personal note taking app, but they keep cramming the app with workplace features at the expense of the single-user experience. Notion Team--you can see that my account is not enabled for multiple users so hide these features! Now the UI overhaul obsessively crams useless AI features down your throat. I have never even had a use case to even try one of these AI features, let alone enshittify the entire UI with them! If I can't disable AI soon, I'm migrating to Obsidian!"
"Sanju","5","May 18, 2026","Best for multiple reasons"
"Rogo-gogo Art","5","May 18, 2026","the best app for group note sharing."
"Kunti Devi","5","May 18, 2026","Best and detailed notes"
"Ash","4","May 18, 2026","very glitchy but overall a good app"
"Khandaker Rushad","5","May 18, 2026","My life has got a great rebirth after getting this Notion app. (Hand up! No more words 🙌🏻)"
"ANIKET","5","May 18, 2026","great app for daily life ."
"Rajesh Behera","5","May 18, 2026","good"
"Sergey Fisenko","5","May 17, 2026","good organizer"
"Evans MoserS","5","May 17, 2026","excellent flexible quick forming of useful workflow"
"Imad Younis","1","May 17, 2026","PDF embeds not visible on android."
"Ruslan Gülümov","4","May 17, 2026","it's a bit slow, when going through note pages"
"Hiten k","5","May 17, 2026","no progress without it"
"Lisa Kim Verhulst","4","May 17, 2026","Desktop version is 6 Stars, phone app however, not that stellar 😅"
"Rafael Gonzalez","1","May 17, 2026","Sluggish apps everywhere I use Notion, and full of AI slop features. Use Obsidian or Logseq instead."
"Mohamed Abdellatif","5","May 17, 2026","this app is very good"
"Sevinch Abdujalilova","1","May 17, 2026","IT LAGS ALL THE TIME, AND NEVER SAVES MY NOTES"
"Daniel Park","2","May 17, 2026","if you log into a company notion, you are permanently locked into the login process. if there is any issue with the company login SSO, you just have to reinstall"
"alfy appstore","1","May 17, 2026","i think the offline feature is messing with my ability to save edits to pages even if I have an active internet connection."
"Sandi Penello","4","May 16, 2026","love this. use it every day. but I wish the learning curve wasn't quite so steep. and the price for premium is out of most people's budget."
"daim klarou","5","May 16, 2026","très bonne application"
"Anurag Srivastava","5","May 16, 2026","it was a amazing app.. please use.. it's browser templates.."
"chibuike stanley","5","May 16, 2026","nice app"
"Tanvir Sheikh","5","May 16, 2026","please add a5 pdf option."
"NISHANTH","1","May 16, 2026","Compared to the web version, the mobile application performs very poorly in fetching and delivering data. I have been using the web platform for the past 2 years and even rated it 5 stars earlier. However, the Android mobile application feels extremely slow, hangs frequently, and does not work properly on any of my Android phones."
"Benjamin Milarch","5","May 16, 2026","The app looks pretty close to the desktop version, but it's much better for accessing and reference than creation. It's a solid option for updating on the move. data entry: good tweaks to existing layouts: mediocre data organization or database generation: use desktop"
"Abrar Evan","5","May 16, 2026","Good"
"Glen Iglesias","3","May 16, 2026","Apps is heavy and clunky, took a lot of time to load the page and take a quick note quick. Search tray when mentioning certain page is unreliable, the active field keep switching between the notes and the search text field.. not really suitable for quick notes from phone"
"Narendra Chouhan","5","May 16, 2026","one of the best"
"Mariami Janjgava","5","May 16, 2026","Very. Good"
"Jacqueline Soto","3","May 16, 2026","Me gustaría que fuera más personalizable."
"Anthony astle","3","May 15, 2026","did you know there is nowhere to tell notion about a bug. my notion chat keeps dropping the chat memory and I can no longer work on projects or do any detailed work because no more pages or information being updated or saved it's not the chache it's not the memory"
"ABU SAMIM","5","May 15, 2026","awesome"
"Gabbi","2","May 15, 2026","even after the update I can't copy anything I've typed out on notion, it doesn't show up in my clipboard or anything no matter how many times I click on copy"
"Rosethorn1","1","May 15, 2026","it has ai"
"Alijah Domingo","3","May 15, 2026","Opinion: The desktop version is a powerhouse for data organization. However, the Gallery View needs a Default Cover/Placeholder option; manually managing images for every entry is tedious, and without them, the UI lacks visual consistency. On mobile, the interface feels too ""locked"" to the desktop layout. I’d love to see Independent Mobile Layouts or modular UI positioning. This would allow for better ergonomics and one-handed use on phone screens without breaking the global desktop structure."
"Bailee Wurdeman","2","May 15, 2026","This app could be so much more functional. I prefer to use the desktop webpage for working because its much better laid out, functional and less touchy/buggy. Notion is fantastic, but the apps really need work."
"Claudia A.","3","May 15, 2026","From 5 to 3 Stars 😢 The recent update changed the bottom toolbar (search, ai, create new button) is an absolute UX Desaster, it's messy, no visual hierarchy. The AI has become useless, before I could do a lot of work from my phone, now the AI ""forgets"" conversation starters, the following conversation deletes all the starting context and even the conversation thread is renamed as if it were a new conversation."
"Serhi Nickolaev","1","May 15, 2026","Hidden AI limits & shadowbans on Enterprise Enterprise claims unlimited AI, but hides secret limits. After heavy use, the UI lags and chats freeze without notice. Worst of all: the system deletes new agent chats, leaving only the last message. This ""shadowban"" policy is dishonest. I understand costs, but you should state limits clearly in the plan instead of breaking the app for paid users. Unfair and disrespectful."
"Timur Gumovsky","5","May 15, 2026","very good app, had many function. very usefull"
"Princewill Darosha","1","May 15, 2026","the ai is very bad at storing data if you put in new data it just automatically forget the previous data very bad"
"Arhaan","5","May 15, 2026","this app make life disciplined with our gamifide task completing tamplates please add to up and down notion table properties feature to make easy to arrange property in tables or chrome thank for add this please add one more this delete all button on trash please please because if i delete junk of non need things so waste more time on empty trash"
"Benita Raymond","5","May 15, 2026","it's a nice app. a bit confusing sometimes but generally okay"
"S SUNIL","5","May 14, 2026","Easy to understand and Operate, Even don't have tech knowledge. User Friendly!!!"
"Ayman BTriki (Badre Eddin)","1","May 14, 2026","meh 😕 I don't like it."
"INVESTOR RAWLINGS","3","May 14, 2026","one of the best platforms for journal"
"S","5","May 14, 2026","Awesome"
"Pete S","1","May 14, 2026","It WAS great, now it's more noise"
"neel debnath","4","May 14, 2026","Best if it only had an offline mode."
"Сергей С.","4","May 14, 2026","YOU WANT TO ADD JUST PHOTO GALLERY? NOT HERE. NOT SIMPLE 😂 Different feelings. Great powerful tool somewhere. Sometimes gives a suprising thought: Why so simple things are so hard to do? One example : Well, how to add photo gallery?? - No way😂, You can't do this easiest thing (as you might think) - says Notion. You add maybe... 3 columns and then you are free to add photos inside each... it's easy) Or maybe Notion can hide somewhere you'll get only via several steps and tribal dancing."
"Rohit Khaitan","1","May 14, 2026","consumes a lot of storage and battery"
"enkhjargal jargal","5","May 14, 2026","good"
"Rayan Sikorki","1","May 14, 2026","Trash on phones, lack of simplicity"
"Imane Moumni","5","May 14, 2026","I love this app very much and I use it everyday. It makes my life easier and more organized ❤️"
"Muhammad Zulkifli","2","May 14, 2026","app is crashing now"
"Hannah","5","May 13, 2026","lowkirkuinely helps me with my shifting scripts"
"Sudip Mondal","1","May 13, 2026","not useful too comply and uncanny in many ways"
"Andrew Gandara","4","May 13, 2026","Love Notion! The mobile app is slow sometimes. even when I close all apps, typing can be 3-4 seconds delayed sometime."
"Woker","5","May 13, 2026","best of the best"
"Ryansh","4","May 13, 2026","good but I want more improvements in overall performance."
"Dinesh Sanjaya","5","May 13, 2026","good 👍🏿"
"Fahmid Haque","5","May 13, 2026","Solid overall app"
"Athena","2","May 13, 2026","lots of glitches working on the phone, app constantly blocks"
"Gajanand Madavi","5","May 13, 2026","most useful app"
"Laurențiu MLADEN (3Merlin)","5","May 13, 2026","Although I have installed this Android application almost half year ago, I didn't use it until now... After a long initial conversation with AI agent, I decided to hire Notion as my (virtual) personal assistant."
"M Purshotam Kumar","1","May 13, 2026","not working at all, everything is hotch potch, totally useless"
"matic promotions ug matic pro ug","5","May 13, 2026","notion is amazing and a good business tool"
"Subhankar Padhy","1","May 13, 2026","app is hanging frequently"
"Ralph John Curioso","3","May 12, 2026","I wish the app didn't adapt to my phone's default font. The default sans-serif is wack and without proper bold/italics. Maybe a setting to disable it? I have to set it to serifs to actually view proper text formatting. The homescreen already looks nice but going into actual notes gives me whiplash. Other than that, great app fr."
"Youssef Hani Al-Yamani Muhammad Abu Hussein","5","May 12, 2026","fantastic 😍 but l need to customize the font size but it does not exist"
"SSP","1","May 12, 2026","what's the point of this app if I can't even watch the articles I added to my favourites??...What a useless app."
"My Team Creations Tamil","4","May 12, 2026","It Has extremely Appealing features but could be more easily accessible to core features"
"Fouzia Qabul","5","May 12, 2026","excellent and user friendly interface"
"Bereket Nibrete","5","May 12, 2026","very nice"
"Jason Ostby","4","May 12, 2026","I'm still learning, but building working prototypes and automations at this price is extremely useful. UI changes are a little frustrating but using their AI helps work out those hurdles."
"Ibrahim Nabi","5","May 12, 2026","I recommend it to everyone"
"Matt Giuca","4","May 12, 2026","Mostly a great mobile interface offering instant access and editing to your workspace from your computer. Only a few UIs have strange flows like if you choose a field from a drop down list, you can't go back to the page you were on, you have to quit the entire page and go back to the database."
"KINGKOLD","4","May 12, 2026","very useful 👌"
"Mohamed Abdallah","5","May 12, 2026","Must have"
"mirageRBLX","5","May 12, 2026","less stressed abt forgetting things... amazing really"
"vedant jha","5","May 12, 2026","very good app for me, thankyou Notion"
"Dikshal Prasad","5","May 12, 2026","best database/workspace to use, easy to understand where things go and how to use it to its fullest capability"
"JoJo","1","May 12, 2026","App has become extremely unusable ever since they started integrating AI. Maybe it's a coincidence but it was never this bad. Everything lags, it takes so much RAM, back button brings you out the whole menu till the start. filters don't work. PLEASE FIX YOUR APP"
"Harrell Pelaez","4","May 12, 2026","Cool."
"Rachel Modi","3","May 12, 2026","the drop down and other features are not just friendly/ working on android. this defeats the purpose of having access to the app on our phone"
"Lutfi Andes","1","May 12, 2026","Very unreliable, buggy, and slow. all of these stars seems to be bots because no matter how good the device, it's still dogwater. Unless if you use it on desktop"
"Jim Bridger","2","May 12, 2026","was good, but they clearly started vibe coding it because it's janky now. full of bugs. constantly have to restart the app to get it to work properly. and all they care about it adding ai features to do everything for you (except it's really bad). shame that this app has fallen so far. more bugs every day. old ones never get fixed."
"Naol Teshome","5","May 12, 2026","one of the best"
"Leeshe","1","May 12, 2026","pricing for a subscription is already over priced for what notion is and now they're asking us to pay extra for credit to use all the features of the program. It's really not okay to be ripping people off this much."
"Lauren","2","May 11, 2026","I used to really like Notion but the AI integration was a huge mistake. the app constantly lags (literally over 30 seconds to respond to a click on my phone) and gives me a panic attack by showing pages as blank. It feels deeply unstable and insecure. I'll be removing my stuff asap. At this point I may just use a journal again."
"Justin","1","May 11, 2026","buggy app rarely works, often fails to load pages. gives notion a bad name. if mobile is important to you, just choose a competitor because notion app will never work well, it's just part of the notion identity"
"hui cheeleun","5","May 11, 2026","Fire app for journaling"
"PiPan","5","May 11, 2026","can't live without this app for real"
"Samuel Matthew","4","May 11, 2026","Good for documentation"
"sayhan safi","5","May 11, 2026","The best apps to increase your productivity"
"khalifa mohammadriyaz","4","May 11, 2026","Nice"
"Katie Bell","5","May 11, 2026","helpful for organizing and publishing blog articles"
"Calista Shearer","3","May 11, 2026","Can you please add a way to hide the ask ai? It takes up too much space. And I keep accidentally clicking it. I also just don't personally like generative ai. So it feels like it's being forced on me."
"Isxaaq Ahmed","1","May 10, 2026","now needs internet almost all the time just to access tables and plans you already made. It has become heavy and slow, wasting time instead of helping productivity. A year ago it was much better, but now even the history feature is unreliable and hard to use.”"
"Eliot Carney-Seim","1","May 10, 2026","Tried typing /page in the Getting Started sample and nothing happened. Guess the mobile version still needs work. Should be marked as a beta."
"Firman Agung Nugroho","1","May 10, 2026","the web and desktop app is okay. but the mobile is super trash, i think my subscribtion is useless"
"Joshua Carreno","5","May 10, 2026","actually a really good app, I recommend it. I mainly use it to organize dnd sessions but im sure the other, more sophisticated uses are great."
"Deanna Bourne","1","May 10, 2026","This would be higher is if they remove the AI slop assistant at together. I refuse to allow anything that had AI touch my work at all since AI is nothing but a waste of resources that kills our planet and steals your work to train it. I'd rate it zero if I could."
"Sha Chettri","5","May 10, 2026","👍 good"
"Navaf Jd","5","May 10, 2026","The preferred note taking app, feature rich, basic to advanced features on the free tier."
"Isaque Katsui","5","May 10, 2026","ótimo, gratuito e funcional"
"Gulnura Ilyasova","5","May 10, 2026","💥"
"Sebi S. B","5","May 10, 2026","good app for notes"
"Jazzy Jazz","3","May 10, 2026","I LOVE NOTION. with all my heart. which is why Im writing this review. it is 5/5 BUT STOP ADDING/CHANGING USELESS THINGS on the desktop app. Why would u take away the ability to see all the projects with just down scrolling? I don't need a more button, it was fine how it was. Why with the gallery did u take away the viewing of the secondary title? I liked it there. why does the more now open up to the library? i don't want to now have to side view and click full screen. go back PLZ"
"Kash","1","May 10, 2026","love notion. use it daily. pay for business for 2 seats. however android app is bordline unusable. non responsive several times a day and this super annoying offline bug where it says im in offline mode until I close and restart the app. uploading images is also 50/50"
"[GeRa]","5","May 10, 2026","genial"
"Josamay Paulite","1","May 9, 2026","Too Slow and too lag in my phone. maybe it looks good but i lost my interest exploring it."
"Ivan Martinez","1","May 9, 2026","sería mejor si se pudiera instalar en Linux y no solamente en el browser."
"Kunal Sinha","5","May 9, 2026","I've been using Notion for a little over a year now and I'm quite happy. The developers have brought really good & meaningful UI changes across the board that make it so simple to understand & use. I'd highly recommend Notion to any college student looking for a good note taking app."
"Adam Butler","2","May 9, 2026","When it works, it works great. Unfortunately from time-to-time I try to open a note and it is completely blank. It shows the loading wheel briefly and then just displays a blank page. Incredibly unhelpful when you're out and need access to your information. I had hoped this app would be better than OneNote or Evernote. Apparently my search for a decent note-taking app continues..."
"Surjan Singh","5","May 9, 2026","it is very good app"
"Keith Daniel Nicodemus","3","May 9, 2026","You update it every other minute. Fix thiiiis"
"hamza merazi","5","May 9, 2026","very well app"
"amanuel kebede","1","May 9, 2026","the layouts aren't compatible with my phone(techno pova neo). the elements are distorted. check on different device."
"Jacek Tomaszewski","3","May 8, 2026","recently I can't submit posts or comments or lookup pages via notion mobile app"
"Alec De La Torre Cano","4","May 8, 2026","el widget no funciona!!! arreglen eso"
"Steven “Rockets” Grimmer","5","May 8, 2026","aces"
"Jesse deFiebre","3","May 8, 2026","In general, I think Notion is useful. However, if you choose to buy a subscription through Google Play they will not let you make add-on purchases and they don't tell you this up front. I'm in a situation where I have a subscription and was told that I'll have to wait until it expires in 8 months before I can pay for and use the custom domain add-on...they are either unwilling or unable to correct the issue. Neither of which give me great confidence that I won't have other unresolvable problems"
"Anton Lemmy","1","May 8, 2026","better in chrome"
"Jessica Zhou","2","May 8, 2026","it's a pretty bad app, very slow to use. the back button is pretty counter intuitive too. but mostly it's just the slowness that hurts the most. takes forever to load between pages."
"Sebastian Parfitt","2","May 7, 2026","Great on desktop, just a terrible, terrible UX on mobile though"
"Gerilyn Jones","2","May 7, 2026","app doesn't load"
"Manan Limbasiya","4","May 7, 2026","it's a very Good app on desktop and web. but it is too much laggy and slow and not responsive many times in mobile."
"Rinas Sultan","5","May 7, 2026","the best for assignment"
"mac zac","1","May 7, 2026","this is for windows version - can't rate on pc? Lately the app doesn't allow pasting text into the app. Yes - a text editor that you can't paste text into it!!? That's not a bug , that's an app killer. I am forced by the app to import files instead of being able to paste the text."
"Nabebur Rahman","4","May 7, 2026","👍"
"piyush kumar","1","May 7, 2026","Not suitable for planning your day, but ok for keeping notes. It cannot even link the meeting list with your phone book. Cannot create call links or any other link with pre existing contacts. You have to manually copy paste. Just adding a chatbot doesn't solve issues. If I just use it for keeping notes then there are many more apps which are simpler and more specialized."
"Siphelele King","5","May 7, 2026","fantastic 😍"
"Joel Carlo Tumang","5","May 7, 2026","The app is very very good! I moved to this from another note taking app, and there was a significant improvement in my experience."
"shofyan sky","5","May 7, 2026","notion ai meeting the best"
"Sridhar Kannan","5","May 7, 2026","happy but more convenient to use"
"Zuhriddin Shodmonov","5","May 7, 2026","great"
"Marjana Raihana","5","May 7, 2026","I use notion for writing journal or any type of writing activities. it's really a perfect app for writing diary. or to the person who likes to write diary on their phone ."
"Gary Hayes","5","May 6, 2026","Robust enough to do some really neat stuff, but intuitive enough to jump right in. It handles impressively well on mobile. The desktop and web versions are strong as well."
"Jen Norman","1","May 6, 2026","I started using Notion after breaking up with Evernote because I need reliable apps and I'm tired of the tech industry's greed. It worked great until recently; now the app just lags and won't open my notes or pages at all. Yet conveniently the ""ask AI"" feature that I've never used and don't care about loads at the bottom of the screen while my actual note contents don't. How about we stop jumping on the AI bandwagon, stop vibe coding and actually make apps that work?"
"Arghya Betal","5","May 6, 2026","very productive app I seem ever ✌🏻"
"Raghav sharma","3","May 6, 2026","Bugs in Widgets and page covers aren't loading"
"huybui viet","5","May 6, 2026","i love you"
"Harsh Bahman","5","May 6, 2026","you should create the desktop interface of calander section in mobile version. which will look pretty. rest every thing is good"
"Rikikun Maru","5","May 6, 2026","good doc service with well integration"
"Lilly Forever","3","May 6, 2026","it's horrible on mobile if I'm being honest, like the amount of times these app glitches is insane. The Ai feature is quite helpful in terms of navigating how to use the app. I do think there's a lot to improve when it comes to the mobile version. I use it for my writing as a autho, and it's just frustrating to be work with a app that's continuously not working with me."
"Kristen","3","May 5, 2026","I love Notion overall and would give it 5 stars for the desktop version, however the mobile version is borderline unusable. It's glitchy, when you want to click on a link it will often click on a different link instead, when you try to collapse your keyboard it will take you back a page, trying to highlight something will drag it to a different position on the page, etc. I have to do most editing on my PC and really only use the app to reference things I've already put into my pages."
"`","1","May 5, 2026","not for reading books"
"Flora Thiebaut","1","May 5, 2026","latest update completely broke the app. stop focusing on ai and start building a real product"
"Gaurav Raj","3","May 5, 2026","login Backup , one word big , no ad , custom folder , horizontal folder, like keep notes"
"Md.Ishtihak Ahmed","1","May 4, 2026","It's UI is so messy."
"Stefano Poletto (Pollo)","2","May 4, 2026","After all this time the app is still really laggy and clumsy, especially when switching between multiple workspaces. I get the feeling it's mostly a wrapper for the web version, and not a real dedicated app. The state of this app is the primary reason why I'm not switching to a paid plan."
"Nyx Nyx (Nyx)","1","May 4, 2026","Would be good if they removed the ai, its useless and pointless, no one needs it or asked for it"
"Aryan Kumar","4","May 4, 2026","I have been using this app for nearly a year and I consider it as the bestest Note taking app 👍🏽 as I ever used now I am so much used to my day, the performance of the app is the main issue 😔 that I don't like and notion ai I suck tbh you know that so please fix it as free tier is so small that I don't even using it alot and it is exhausted 🫩."
"UPM accounting","5","May 4, 2026","By far the most wildly underrated software that I ever used for personal and work needs. Endless possibilities. Once you start learning how to use it properly it can feel overwhelming. But the time spent practicing was well worth it"
"Cat","3","May 4, 2026","no way to change your name on the mobile app unless you want to go through 5000 hoops so I have to deal with my default name not even being my name."
"Richard H Harris MBE","1","May 3, 2026","Flaky app, worse company. Dangerous to trust with confidential data."
"Camden Brown","3","May 3, 2026","The features and idea are amazing. My main issue is frequent crashes and lots of bugs. I'll delete a note and it neither exists nor is deleted. It is perpetually stuck in a loading animation and crashes the app if you click it. The browser version does not have any of these issues."
"Kens Legese","5","May 3, 2026","best for forex trading journal"
"Chu “The Chu” McClintock","1","May 3, 2026","Nothing but AI updated trash. You can no longer create your own workspaces. It just duplicates with the same name with no way of renaming it. What's worse is the constant amount of unnecessary features nobody asked for and the bugs that persist. Don't waste your time downloading this AI slop app. It's absolute garbage."
"Schnelle Gopalan","3","May 3, 2026","really disappointing how in this age, how unbearable the phone app is to use. i only have been using it to task tracks and wait to update things on my laptop due to this. This drawback negates the whole point of this app - productivity. On the computer; once I looked up some YouTube tutorials, it's been good to use!"
"saifullah yousufzai","5","May 3, 2026","Best"
"Michael Quinn","2","May 2, 2026","Consistently has been one of the most laggy and buggy apps on my phone. lots of features, but the core functionality of just editing a file takes so long as nothing seems to be cached and there are numerous problems with the keyboard + loading the file (often loads the one I opened before). It generally takes several minutes before the file is in an editable state and even then it's often slow to edit"
"الفہد","4","May 2, 2026","Pressed Back in text the Cursor reached from Paragraph to Main Heading of that Note"
"saphirr Samèvi","4","May 2, 2026","great app, works well, has most things you need. however, while on computer it runs fine, its very, very unpractical on mobile. copy and paste works half of the time, selecting text is very complicated as it loves auto selecting for some reason, it lags super fast, and many many minor inconveniences that pile up very fast. maybe its just my phone but if i had to say something negative, thatd be it. but overall great if not almost perfect app!!"
"San Marlin","1","May 2, 2026","NOTION WORKS BEST ON WEB, IF USING MOBILE BETTER TO USE IT ON BROWSER AND SWITCH TO DESKTOP MODE. My issue for this app when entering long data message in the table cell, it doesn't automatically move to show the current position of the details in cell when keyboard is in use, if I am typing something, it needs to manually scroll up the table and then typing to a cell to see the message where I am typing..."
"Fries","1","May 2, 2026","app is broken for latest update, pls check 20260502"
"Owen Nash","1","May 1, 2026","app is completely broken."
"Pixelrexgunner","2","April 30, 2026","the mobile app works pretty poorly, the notes theoretically load, but stay empty, that doesn't happen on web or desktop app"
"Louisa Leung","1","April 30, 2026","it does not work after subscription since 21 Apr 2026, please help"
"Reyes","1","April 29, 2026","this was an amazing platform but literally everything is ai now. Features I use regularly are just being shoved aside for more ai features that I don't use. Cant even turn off these useless ai features and it seems like other people are having the same issue. I cant even press the SPACEBAR without being forced to use their ai features, I'm sick of it"
"Akak K","1","April 29, 2026","non-intuitive moronic garbage app. at least add a clear help section what is it for, how to use."
"Massimo Bougeard","5","April 29, 2026","had a payment issue, the SAV solved it quickly."
"Dhekanegara","1","April 29, 2026","Using Notion on a high-end phone, but it keeps getting laggier after updates. Table selection is difficult, especially for full rows or columns, and copying email addresses adds a “mailto:” prefix. Basic features feel broken, making the app frustrating to use. Moving away because of this. I'm going back to google ecosystem."
"Taitum Schnuir","3","April 29, 2026","I loved this app, but my documents keep going missing"
"Keshav","1","April 29, 2026","powerful (All in 1). but new ke liye itna jada hard hai use karna very bad ui ux 🤬"
"Toprak","1","April 28, 2026","Very bad mobile experience. Everything is so slow, Its so hard to actually save anything on mobile."
"Ronycson Braz","5","April 28, 2026","magnificent."
"Raj Mhatre","5","April 28, 2026","Having a widget for a task will be nice"
"Victoria Benson","3","April 28, 2026","its really good but I wish when u take pics they can read it so u dont have to keep retaking the Pic and also get rid of the limit thingy"
"Noons","3","April 27, 2026","customer service still sucks, I don't see this ever changing. keyboard glitch is fixed but the app crashes. The ai is NOT everywhere nor forced y'all just complaining, it's ignorable."
"Jamie","1","April 27, 2026","Android app is garbage - it's almost impossible to select large chunks of text, making the app basically only useful as a read-only experience. The desktop app, on the other hand, is brilliant."
"Jason Deline","2","April 26, 2026","Missing desktop features. Was excited to go between phone and desktop, but basic shortcuts like /P don't work."
"Nahom Gizaw","3","April 26, 2026","make it user friendly"
"Kanhaiya Maurya","5","April 26, 2026","Amazing App 🤩"
"Ray de Guzman","4","April 26, 2026","Great... when it's not crashing. Crashes often which is disruptive to my workflow. I'll believe we have AGI when they can vibe code this app without the bugs. (Phone = S24 Ultra). Also, let me choose my default AI (Claude Opus) so I don't have to keep switching. And don't change the AI on me mid conversation to ""Auto"". I start conversations with Claude Opus then later find they switched the model to ""Auto"" and I can't change it anymore. Will update to 5 stars when issues fixed!"
"Aj Harvey (Aj Harvey Central Vic)","5","April 26, 2026","Useful assistant 👌"
"Nicola Parker","1","April 25, 2026","App's broken (can't log in, infinite failure loop) and nowhere to let someone know other than here. boo, uninstalling"
"Raju Sharma","1","April 25, 2026","very bad please set my issue - mai jab kuch bhi ai me likha ta hu tab vo no connection batata hai"
"MD Shamsul Al amin","5","April 25, 2026","beautiful and helpful."
"Amanda Welch","5","April 25, 2026","👍👍 ⭐️⭐️⭐️⭐️⭐️"
"Harshita Ghosh","5","April 25, 2026","love this app. it has the junction of every usage of a pen and paper and more. very helpful for students especially who want to organise their academic and extracurricular life in the best way possible. highly recommended app."
"Didik Prasetyo","1","April 24, 2026","Lately, the mobile app is getting slower and slower. Loading a page takes ages. Please improve your mobile app."
"vikash mishra","5","April 24, 2026","best app for note making"
"MUSicamaze Rid","2","April 24, 2026","Great Metrics! but unable to beat other apps, it's old and classic but not worthy enough to be future used."
"Ajay Yadav","5","April 24, 2026","This turns out to be one of the best apps to me. Extremely happy and impressed with the design. The only thing I wish if this could be faster on mobile."
"Raven","5","April 24, 2026","I love the productivity and of the task. Would like to see integration with other products and more development to voice over internet protocol options as well as offline actions or alternatives to usage"
"Ahmed Hossam","1","April 24, 2026","we need offline mode"
"Nutthawat Tadarphongthup","1","April 24, 2026","Lame app, not user friendly UI, laggy and buggy. Always blank load the app"
"mimi","1","April 24, 2026","Huge disappointment. I used to love this app, until they added their bloating AI. The AI is an annoyance that you CAN'T OPT OUT and made me quit this app. It's way too present while I'd just like to write things *by myself*, without wasting resources that could be used for better things."
"K C","2","April 23, 2026","I love Notion but the latest mobile update broke the cut/copy function. The app now also constantly thinks it is offline and needs to be restarted. Also, some actions are just aggravating on the mobile app. Notion would be useless if I didn't have the PC app for major content additions/edits. -Return key acts as ""enter"" while in a text box so there is no native way to create paragraphs. -Phones back button kicks you out of the page instead of just closing the edit box or hidding the keyboard."
"MOHAMED","1","April 23, 2026","لا يستحق حتى 0.125 نجمه ، لأنه بطيء العمل جدا وكثيييير التحميل !!!"
"He is Divine","4","April 23, 2026","elseems a little clunky Mr be ill fly it a model of thr first but not life is I think thrtr looks"
"Samuel Gélineau","4","April 23, 2026","The April 22 release is completely broken, I get an infinite spinner when trying to load any project or any page"
"Savi Jain","4","April 23, 2026","one of the best freemium notes app. this thing is packed with features and notion ai just is good. the agent just works so fast and elevates my workflow."
"David L","2","April 22, 2026","Good over all, it fills the gap bettwen"
"Dmitry Gurovich (yrtimiD)","4","April 22, 2026","The new intune prompt on start is extremely annoying, isn't enough to ask only once?"
"Omar Bariire","5","April 22, 2026","very good"
"Sarah","1","April 22, 2026","terrible. there is so much lag on this app that it almost makes it unusable. i have to restart this app many times over. please fix it and then i could give it a better review"
"Misbah Ul Hasan","5","April 22, 2026","gud"
"Garrett Daly","3","April 22, 2026","hard as hell to format from the phone. ai quickly became my friend then I needed to pay so still hard as hell to use"
"Tina","2","April 21, 2026","Notion is great on desktop, but not so much on mobile. It's incredibly difficult to drag content around, pages become unscrollable, the keyboard blocks the content I'm writing, can't press enter to do a line break, and getting rid of the keyboard (pressing back) takes me off the page completely. I'm sure there are other things I'm missing, but the experience has been rough"
"Hannah","5","April 21, 2026","Really good and helpful, it's my assistant teacher that teaches me, it really helps a lot"
"Solomon kitumba","1","April 21, 2026","slow on android"
"Olaoluwa Asake","5","April 21, 2026","This is the best app others may come with new ideas but Notion is still the best"
"সুহাইব","5","April 21, 2026","I think this app is must for each and every students who has a smartphone and want to learn better than others"
"Shiv Saurabh Chauhan","5","April 21, 2026","very good"
"J V","1","April 21, 2026","Absolutely nonfunctional, a dismal intro for someone interested in engaging a new notes and organizing app. You get an empty gray screen with nothing in it but the AI chat field at the bottom. No framework. Created notes aren't visible. The templates are pointless. There's no library. Content loads painfully slow. It created TWO identical (empty) ""spaces"" for my account. Notes I tried to create didn't show up in either one. I usually try to avoid being cruel, but guys this is unreleasable trash."
"Ghazi Alhouwari","3","April 20, 2026","The app closes every time I go multitasking which is not convenient at all. it's a note taking app so it's meant to be opened alongside other apps but for some reason it's the only app that doesn't stay in memory I'm using S25 Ultra, I do like the app but this issue is inconvenient"
"Dana Burring","2","April 20, 2026","I love using notion but either on a browser or the app on my pc. The Notion app on my phone randomly decides to not load any pages so is basically unusable most of the time. Not sure how this app can be so bad when the pc app is so great!"
"Viktor Klinac","1","April 20, 2026","it seems great from the reviews and the pictures but when i try to load the app it just freezes and stays on the loading screen."
"Phil Cotnoir","5","April 20, 2026","it's great 👍"
"Agbeyangi Obasanjo","5","April 20, 2026","I really love this app easy to use, this app is highly recommended. it help me in documentation and business format. thanks to the developers"
"Miora A","2","April 20, 2026","Your search function is nearly useless. No partial word matching, inconsistent database results, and slow performance make finding anything a nightmare. Please fix the basics before adding more bells and whistles."
"Kyle Dean","2","April 20, 2026","Good on the whole. I get asked to connect to Microsoft Intune every time I open it though, which is an irritant. In addition to the slow loading, it means that opening something like Claude or ChatGPT is much quicker, so I end up not using Notion AI as much as I thought I would. Also, the business subscription price is advertised without VAT, which is unusual (and possibly misleading) in the UK, where we rarely see that. I won't be keeping the subscription as planned."
"Fatima Adnan","5","April 20, 2026","Amazing app"
"ikan pesud","5","April 20, 2026","usefull"
"Rahul","4","April 20, 2026","Search feature cab be improved."
"Daniel Sierra","5","April 20, 2026","Perfect for creating memory system we're database for your project, business or for your a I. Think a is the brain, but will run in the loops.Unless it has a memory system."
"Dr. Mrs. Professor Chaos","1","April 20, 2026","cannot manage to cancel subscription status. it's April and they are still charging me. do not fall for this."
"Farhan Ismail (mfarhanismail)","1","April 19, 2026","your typing system is terrible because it doesn't make sense I dislike it when I hit the enter key, it automatically creates double-space. I have to enter the shift key to create single-space for my text. this is the final straw for me. even after I key in shift, then enter, to type text on the next line, the keyed in text automatically goes back to the previous line. why????????????? I can't continue typing naturally."
"Thjsamuel Hou Gim Samuel","3","April 19, 2026","App is held hostage by white screen when trying to log in on android device via phone screen ratio, when pressing native interface to hide my keyboard. do fix it so I can revert my public pages to private if Notion is sharing my personal email."
"B","1","April 19, 2026","Didn't sign up for an AI workspace and don't want one. Horrendous."
"Nazer James Econar","5","April 19, 2026","favorite"
"Rohit Sharma","5","April 19, 2026","Nice Aap"
"Un owen","1","April 19, 2026","unable to use since it never sent me a verification code to sign up. try this for about a half hour and it never appeared at my inbox or spam box"
"Abu Alid","3","April 19, 2026","notion is my day to day App on kmy desktop but the phone version is not so smooth.. kinda laggy UI experience"
"Helen","5","April 19, 2026","Replaced 99% of my Google doc and Microsoft office usage. easy and smooth to use as long as staying online. great for keeping live documents. easy to access from any devices too. easy to share and keep live documents with others. flexible structures for all sorts of documents needed. and easy to learn different shortcuts or tricks online."
"Bo Lingen","2","April 19, 2026","Editing and the actual notes experience is ok, but it has some annoyances. It's also now trying to be ""helpful"" by detecting Microsoft Intune and offering to log in through it. I say no but Notion doesn't remember or respect that answer. I'd prefer it not to sniff other apps on my device at all."
"Kiara May","2","April 19, 2026","Mid app ngl. it's SUPER laggy which makes it hard to use and honestly the notes app does everything Notion can do. (except for the ai feature) I definitely wouldn't recommend it to students or to any of my friends. In all honesty the notes app is better than this laggy app that does nothing."
"Nouman","3","April 19, 2026","I mean it is fine once you get the hang of it."
"Tobias Mudenda","4","April 19, 2026","This is may be the best of all AL apps,good experience of its operations I have testified well organizing of work and high level of efficiency"
"Argent Sky","5","April 19, 2026","Best notes application"
"Gyandev Billah Cambronero","5","April 19, 2026","Notion is good at integrarion and as a stand-alone app is actually decent for management. By mixing with other apps, management becomes very smooth. The only downside is statistics are limited. Besides that, Top notch"
"Himel Sarker","5","April 19, 2026","The best choice for PKM..."
"jumana","3","April 19, 2026","please make it support Arabic this is one of the top 5 spoken languages. make it work offline please I also want to take notes quickly when I don't have internet or want to edit my list when I'm shopping with no internet"
"Foul_Play69","1","April 19, 2026","it was amazing, everything I ever needed... then you added that ai slop."
"Aliyya Zehra","5","April 19, 2026","At first I had a lot of trouble navigating through it and couldn't understand but I recently tried again and this is the best app out there for planning it has every feature that I need and I can literally customise it how I want. it would be a complete package if there were like timers for tasks."
"Pepper Nose","3","April 18, 2026","Put one of my pages in another page randomly"
"Digitalrich Data","5","April 18, 2026","Interesting can do alot"
"Bobby Prine","5","April 18, 2026","in the home area where I can see my name I would like to have a search bar so I can search for specific things if there is one maybe I missed it"
"Adetona JOSHUA","5","April 18, 2026","good app"
"ruth donny","5","April 18, 2026","kept me in track all the time !!"
"Pracha Thainiyom","5","April 18, 2026","ok"
"Yash","1","April 18, 2026","Takes forever to load"
"Max","3","April 18, 2026","I can't copy and paste anything, it says it's copied but my clipboard shows nothing."
"أحمد باظو","3","April 18, 2026","فترة استخدام الذكاء الاصطناعي قصيرة جدا"
"Yusuf Lawal","5","April 17, 2026","Absolutely amazing and truly resourceful"
"Zaid Essahli","5","April 17, 2026","this software is very very good and important in life"
"Akshay","5","April 17, 2026","amazing for keeping, accessing and maintaining notes from any device of yours."
"Rani Devi","3","April 17, 2026","good"
"BHD NHA","5","April 17, 2026","the best app"
"Johan Joosep Labi","3","April 17, 2026","slow and buggy, pages take a long time to load"
"destiny amos","5","April 17, 2026","great"
"Tufan","2","April 16, 2026","Let users save certain pages when offline.. I can't even capture quick ideas or notes, what's the use then 🤔😤"
"Rande Lee","5","April 16, 2026","good"
"Jonas","2","April 16, 2026","Tired of forced AI implementation everywhere. used to be good before the unavoidable AI integration"
"Mehitabel Ogunwole","4","April 16, 2026","The update payment is too high but above all the app is very efficient"
"Ali MO_KHAIR","4","April 16, 2026","🔥❤️‍🔥"
"Rohan Singh","1","April 16, 2026","Keep asking to register with Microsoft intune to use notion as it somehow find that in my device, that's very annoying, I have skipped that multiple times but still everytime I open the app the pop up come, Whats the solution of this annoying issue?"
"Amirtha Beauty Parlour (Spiritual Sathiya)","5","April 16, 2026","😊 good"
"Luisa Maria Vargas Pulido","5","April 16, 2026","Muy funcional, permite creatividad."
"Mark Mamdouh","5","April 15, 2026","very helpful app. but with limited free usage"
"keigan keogh","5","April 15, 2026","perfect app, but more customization options would be better."
"Austin MacDonald","5","April 15, 2026","this is great at what it does, but has limits. those limits being mindmapping. in Notion; everything has a structure, by nature. and I find that not every thought has that structure. Some float around, some of those may or may not link to other entries. If theres some template that lets me free form doodle, i'll add that last star and scream on the rooftops that i dont need Obsidian. Where the graph view is neat, but im there because its this plus milanote and free."
"Luyanda Mgobhozi","3","April 15, 2026","Why can't I adjust the font sizes?"
"Restina Riste","5","April 15, 2026","good"
"Ali planb","1","April 15, 2026","it's anti intuitive, sucks don't bother"
"Seim Baek","5","April 14, 2026","very good"
"Reynata Junno","3","April 14, 2026","2 significant bugs: 1. Plus button beside the AI doesn't work. It does nothing. Tried reinstalling, relogin, delete cache, and other solutions the AI gave didn't work. Without it, the app becomes a glorified writing app. I'm on Redmi 13 Note 5G 2. I use 12 keys Japanese keyboard, when I type the first letter of a paragraph, I can't make it uppercase. The button to do it just doesn't appear. Never had such a problem with any other site. Not as big a problem, but real annoying either way"
"idea sl","5","April 14, 2026","good"
"Bhargab Baruah","3","April 14, 2026","for me its ok ok"
"Elliot Lassey","5","April 14, 2026","the sync between multiple devices in real time is just amazing. the UI is really minimal, sleek and beautiful. amazing software overall."
"Sacha A","3","April 14, 2026","I really got into the app until I realised that it's online only, so if you are in a situation without internet or you need a quick access to your notes, it's unusable. It's always going to be slow because it's fetching your notes on the internet every single time, there's no cache. It's a real shame because it's not a technical limitation, just a will of the Notion team you keep you captive of their servers."
"Haley Graves","2","April 13, 2026","Used to work so much nicer Now it's laggy, the UI is confusing, and moving things around is frustrating. I'm just going back to Docs.."
"Javo_AV","3","April 13, 2026","please add a widget that displays your page content and you can resize the widget... basic note apps have this. please add."
"David Malaver","5","April 13, 2026","good good"
"mariam fouad","5","April 13, 2026","It helped me organize my day very much , but please Guest Arabic language ."
"A G","1","April 13, 2026","It's impossible to delete the account. it looks like it's loading but it doesn't do anything even after 5-10 minutes."
"Elias Solomon","5","April 13, 2026","great app"
"ummujin","4","April 13, 2026","little bit laggy"
"Atish Nandan","3","April 13, 2026","I'd given this app a 5 star if there were an inbuilt password system to lock the app or a page. Otherwise everything is fine."
"Legacy User","1","April 13, 2026","doesn't sync"
"Kevin Cassidy","3","April 13, 2026","A little bit of a steep learning curve"
"Sambhu Tomar","5","April 13, 2026","great app"
"Kaleb Moodley","5","April 13, 2026","Best App Ever"
"Jose Chavez","4","April 12, 2026","Great app! Though there are some things that would make it better. Too many clicks to get to the right tools I want, and there's so many options so spend much time scrolling to get to right tools."
"Sanket Sangale","5","April 12, 2026","Fabulous."
"Arnab Mondal","5","April 12, 2026","One of my Favourite apps for productivity, it's actually very organised I like it very much ,it have templates that I can use ."
"Pascal Dk","2","April 12, 2026","Freezes/crashes too much. The screen doesn't show anything while scrolling. When editing a spreadsheet, a view, or anything the time response between a click and something happens is too low. Notion doesn't work well on mobile..."
"Karunamurthi","1","April 12, 2026","Automatically changed my plan to a business plan and I have been charged without my consent. Worst app ever. I wish I can give a rating lower than 1 star"
"Kevin Herrera","5","April 12, 2026","gud"
"Muhammad Anas","5","April 12, 2026","I like this notion app because they help me in study."
"SINDHU RAMESH","5","April 12, 2026","This is a highly helpful and useful productive app to organize your life ."
"Kallem Jayapaul","5","April 12, 2026","good"
"iyarex","5","April 12, 2026","the best free note"
"Johnda Nelms","5","April 12, 2026","good"
"Vijaykumar Mane","1","April 12, 2026","Full screen is not there. unnecessary sticky title bar and AI query bar."
"Inanna Ritter","5","April 12, 2026","love this!"
"Ashok Kumar","5","April 12, 2026","it's not an app its treasure for students ..notemaking with AI features are amazing ..if u tell anything any topic it makes beautiful notes ..it's organizes ,it listens what you want how you want it creates everything ..just amazing ..only concern is monthly subscription plan is huge 2200+ ..if they reduce notion AI subscription price it helps many students who are not able to pay this much... ❤️❤️ solid app with high price"