username,star_rating,date,review_text
"andrew krestel","5","June 30, 2026","best, hands down"
"Rich Trahan","2","June 30, 2026","not good"
"Sean O'Hare","5","June 30, 2026","It's a great app to keep you accountable while storing all your historical activities. The app provides feedback and analytics. Plus, you can join groups and interact with other users."
"Jeffrey Simmons","1","June 30, 2026","Runs aren't being captured by GPS. Misses my entire runs several times now. Very annoying"
"Jeff Watson","3","June 30, 2026","b e careful. I am trying to cancel and the way to do it is not obvious"
"Casandra Xavier","5","June 29, 2026","a great way to stay connected with running community members"
"Red B","1","June 29, 2026","Not recording properly offline, I can't cancel subscription"
"Fabien Cornet","2","June 29, 2026","Pretty disappointed with the whole experience. GPS on for activities like pádel or tennis doesn't make much sense. No dedicated boxing activity (I know, originally it was for running, cycling and swimming, but it has evolved since then), not possible to reorder activities on the watch. Also, it won't import/read activities from any other source. And the UI is far from being clean. I guess it's not for me."
"Valerie Chou","1","June 29, 2026","still cannot save routes"
"Akash __7","5","June 29, 2026","best app for runing"
"John Hardy","1","June 29, 2026","doesn't work after 22 Jun update"
"Alex Weech","1","June 29, 2026","Refuses to log in on my phone"
"Mark Zapanta","1","June 29, 2026","my money on my gcash has been subscribed without any notice or confirmation please developers have some actions about my concerns"
"Gabbi Schuster","1","June 29, 2026","terrible always cuts out never tracks properly"
"Mahima","5","June 29, 2026","nice"
"Zech Stake","5","June 29, 2026","great app for easy statistics and goals."
"Sebastian S","1","June 29, 2026","it loses the signal and deletes most trips, you cant trust it at all"
"Raman Bareth","5","June 29, 2026","v Good"
"Benjamin jude Macalalad","5","June 29, 2026","nice apps"
"Priyanshu Patel","5","June 29, 2026","excellent it's very helpful for me thank you strava"
"Steven Earnest","5","June 29, 2026","best way to track history and progress."
"William Paskett","1","June 28, 2026","I have been waiting for over a month for a support ticket to be resolved. No response, no update, terrible terrible service."
"Y Tracy Jiang","1","June 28, 2026","Workouts logged by my Fitbit/Google Health doesn't post on Strava. I've resync-ed the connection multiple times and am tired of this continuous glitch. Other than the social aspect of Strava, all the features that aren't locked behind a paywall are available on Google Health. The only reason I downloaded Strava was to log and share my workouts with friends and it didn't even work properly."
"Djoko Keita","2","June 28, 2026","i loved it until today, when it lost the longest distance i have run in months."
"Nur Insyirah","5","June 28, 2026","Strava is an outstanding app for runners and cyclists, offering detailed activity tracking and a motivating community."
"Manpreet","5","June 28, 2026","​""Strava is the absolute gold standard for anyone who loves running, cycling, or outdoor activities. The GPS tracking is incredibly accurate, and the 'Segments' feature adds an amazing, healthy layer of competition against your own past times and the local leaderboard. What really sets it apart is the community aspect—it feels like a positive, unfiltered social media platform where everyone actively cheers each other on. It’s highly motivating and easily a 5-star app!"""
"cass jass","1","June 28, 2026","I can't connect my Strava with my Samsung Health. It's been 3 weeks. I disconnect and connect over and over again, there are no changes. It keeps on saying there is error in connecting the strava with Samsung Health"
"Swagatika Ratha","2","June 28, 2026","strava is now not working in my Samsung j7 pro."
"Kelvin Tham","1","June 28, 2026","Rubbish! It says free trial, but y'all charged me. Alain reply me they have refunded back to me through Google play and Google play should process this within 7 working days. Till now idk how many working days already, still not yet receive refund. I contacted Google, they say strava should refund back to me directly. Idk how many days I want to wait until y'all reply to me"
"Marcus L.","1","June 28, 2026","Login doesn't work on GrapheneOS."
"Kenshin Karl Lite","1","June 28, 2026","you're app is auto debit. i didnt recommend this app"
"tuna bin sardine","5","June 28, 2026","nice"
"Michael Olasubomi Balogun","5","June 28, 2026","Strava is amazing all round fitness tracking app, even the free version allows you to do as much as you want, and the free version is affordable."
"Rio Grc","1","June 28, 2026","The server always fails to sign me up using my account"
"Arbie Dela Cruz","5","June 28, 2026","Strava team, please add voice audio for turn by turn navigation"
"Cody","1","June 28, 2026","obnoxious upgrade nagging makes it unusable."
"Umesh Singh","5","June 28, 2026","excellent 👌"
"Robert Garner","5","June 28, 2026","works well"
"Prodip Chetry","4","June 28, 2026","good"
"arthur dawson","5","June 28, 2026","best biking app"
"Kritikmax Gaming","5","June 28, 2026","Great 👍🏼"
"Kevin McPherson","5","June 28, 2026","Love it!!"
"Sakshi Kashyap","5","June 28, 2026","best app ekdm.besttttttt this app makes me consistent love u strava"
"Jordan","3","June 27, 2026","app is great but most features is on subscription and it always does like a strava tax for your workouts which makes the app not great"
"Brandon Bentley (Wolfe X)","1","June 27, 2026","basically everything is blocked with a pay wall , must subscribe to payment options, then oh we don't collect or store your info lies ,or sale you personal info ,but under terms and conditions you have clearly instructed you have the right to use or store this information for 3 party development and advertising"
"Azrul Azwan","5","June 27, 2026","Strava is a fitness tracking app designed for runners, cyclists, and athletes to record and analyze their workouts. It uses GPS to track distance, pace, speed, and elevation during outdoor activities. The app also allows users to join challenges, follow friends, and share workout results within a fitness community. Strava provides detailed performance insights to help users improve their training over time. Overall, it is a powerful app for tracking fitness progress and staying motivated."
"B S","1","June 27, 2026","I was paid for Strava in June deciding to add Strava plus Runna in July paid for year on both but only getting 1 yr. $252 for 1 year. Support closes tickets and never gets back to you."
"SY• Aysa (Nana -chan)","5","June 27, 2026","starva are easy to use just connected to my Apple watch to keep me tracks on my daily run and I love it"
"no name","1","June 27, 2026","Worthless ad filled app, hate it, update 2026: same thing, wanted to get some kkal estimation, it is not there, so deleted account again, due to ads"
"alan mcgarry","2","June 27, 2026","consistently fails to record an accurate route. tried everything to fix it and nothing works"
"Brian Cooney","1","June 27, 2026","gps accuracy with this app is awful and intermittent. I know its not my phone because alltrails is so much better, and I have verified all permissions. Please fix it! Pixel7pro user"
"Jeff Moorse","1","June 27, 2026","free features reduced substantially, everything I click on brings up subscribe page. certainly a change for worse since last used 2y ago...."
"Matt Snarfsnarf","1","June 27, 2026","New update, The continuing of cheating of e-bikes on segments, still a problem!! Not being able to see times while going up hill or down is cumbersome. I understand the safety aspect of it, but show us something towards the last couple hundred feet or so, so that we know when the segments ends. No notification of KOM's being lost, another annoying reason from Strava. It's not fun anymore ☹️ price hike. Everytime I click the app it goes to app info and won't go into the app."
"Josh Crozier","3","June 27, 2026","good app, recent update making it suck a bit. I'm paying for the app, I don't want to be pushed into Runna. and I want my progress tab to be useful again! give me a FULL WEEKLY LOAD and FITNESS graph from the main tab."
"Emanuel Falade","5","June 27, 2026","This app motivates me to push through my fitness goals, post about them and, share bike routes with others. It's been very fun, and I can't wait to discover more bike routes around the country and globe. I must add, the consistency of the GPS and share functions help my loved ones keep peace of mind while I'm hit the paths with a group or solo."
"Martin Modderkolk","1","June 27, 2026","works well in general but the video replay bug where the sound keeps playing after you viewed a video needs to be fixed. Update: bug still there 26 june 2026"
"Mark Russell","1","June 27, 2026","Total shitshow."
"Thomas Iskandar","5","June 27, 2026","overall is good"
"HAIRUN NAZAR HUSSAIN","5","June 27, 2026","much appreciated for strava help.👌"
"Raajdeep Barman","5","June 27, 2026","best app, i like it 😃👍🏻"
"Sourav Rai","5","June 27, 2026","best running"
"Micky s","5","June 27, 2026","brilliant app"
"pak tam","5","June 27, 2026","good"
"Paul Romero","5","June 27, 2026","Perfect for logging rides"
"Simul Chakma","5","June 27, 2026","good"
"Shinji","1","June 26, 2026","when the trial finished, it automatically grab 1.5k on my account with no request. It almost make me crash out"
"NON USER","1","June 26, 2026","can someone help me with this app? they took my money away even i did'nt used it. could it possible to make refund?"
"Kelsey Reusch","1","June 26, 2026","Accidentally purchased yearly subscription over monthly and support is impossible to contact. Would have loved to sign up for a monthly subscription, but now reconsidering as they have not responded to me in over two weeks. Will gladly update this review if helped."
"Sofia Fontanilla","5","June 26, 2026","it was really good helping me keep track of how much weight I lost"
"PD Fernandes","5","June 26, 2026","I find the encouraging words give me a lot incentive to do mor"
"kalai G","5","June 26, 2026","nice"
"Charles Myers","2","June 26, 2026","GPS mapping has been failing almost everytime the past week. Checked power settings, that is not the problem"
"Chad Elmer","5","June 26, 2026","Honestly the best running and biking app available. Tracks location and pace wonderfully, and offers a lot of good and interesting stats. The free trial subscription was so good that I'm considering signing up, but it is not necessary to get a lot out of the app."
"Joshua Porter","1","June 26, 2026","The login screen is completely broken for users running GrapheneOS which is far more secure than default android or apple. ​When I enter my password or one-time code, the submission button fails silently and does absolutely nothing. This is a known issue with Strava’s rigid backend, which hangs indefinitely when it can't run tracking or Play Integrity checks, rather than failing gracefully and letting the user log in. ​Please fix and I will change to 5 stars."
"shahanwaj Ansari","5","June 26, 2026","super"
"Rev.","5","June 26, 2026","I like this so much, its because they make me so excited with my progress #lovestrava🤍"
"Sophia","5","June 26, 2026","I love Starva as a stress free way ti track my workouts. They're fun and motivating challenges to join that help me keep going. I've currently logged 30 activities in the past 2 weeks because of Strava, where before I had barely any movement. I always look forward to logging my workouts on Strava, but I never feel pressured. Looking forward to seeing to my mood and health improve even more."
"Owen Thompson","5","June 26, 2026","Strava has genuinely made a big difference to my life, I now run, lift weights and mountain bike. Thank you Strava"
"not my name","5","June 26, 2026","socials media without short form content. thats a w"
"Denish Girnara","5","June 26, 2026","it' vry nice and helpful"
"I Gede Wahyu Pramartha","5","June 26, 2026","good"
"Kiran Lather","4","June 26, 2026","This app is very helpful 💕"
"Paul White","1","June 25, 2026","The active challenges tab is still missing from the group menu. The AI chat bot still thinks it is still available, so where is it?"
"brilliant khalipha mabindisa","5","June 25, 2026","It works well, but it doesn't talk back to me or notify me when completing Km."
"A Google user","1","June 25, 2026","strava is sidelining relive sad, after all it is an American company what can we expect, no ethical business on the side of Americans nothing new"
"tran dieu huyen","1","June 25, 2026","i emailed to request a refund. I already followed Strava email guide but then no more updates or refund."
"Chris Rodgers","2","June 25, 2026","Not worth the money for a paid subscription. The app mainly duplicates data already visible in Samsung Health, and although there are some differences it doesn't justify the cost. I also find it inflexible when trying to just record runs, instead it gives me everything with GPS data. I don't need to know my stats for a walk to the shop. Final reason I stopped using it was because it stopped capturing data from Samsung, and I'm not paying for an unreliable app"
"Rhian Najos","1","June 25, 2026","the app keeps crashing needs more optimization"
"Yash Kekan","5","June 25, 2026","It's the best! I use it every time I do cardio, cycling and even in marathons. #The best👍"
"Free Fire JKBSM","5","June 25, 2026","thandi ka din ka machine"
"Aayush 1211","4","June 25, 2026","nice"
"Dianov Strife","1","June 25, 2026","WE DOWNLOAD STRAVA FOR SPORT, STOP LGBT CAMPAIGN."
"Mr.Goodday","3","June 25, 2026","tidak sengaja kepencet ""kudos"" malah ga bisa dicancel, jadinya malas berinteraksi di strava, cukup utk memantau latihan sendiri aja sekali2."
"Shivraj kale","5","June 25, 2026","good"
"CM Manjunath","5","June 25, 2026","I've been using this app for sometime now, without a doubt it's one of the best apps ever. ❤️"
"Ian Leeson","5","June 25, 2026","Always works well for my needs. At my age I just want to track the basics of how much I am doing."
"Thor Romero","5","June 25, 2026","Great app, I've used the free version and it's so good! I will definitely be getting the paid version to see what it's like."
"Josephine Rockwell","5","June 25, 2026","great for personal growth!"
"Randy White","5","June 25, 2026","Get it."
"Teresa Clinton","5","June 25, 2026","Great app"
"Alex Manley","4","June 25, 2026","decent"
"Venkat Karthik","4","June 25, 2026","super"
"yosia pratama sebayang","5","June 25, 2026","the best app"
"Christian Ferraz","3","June 25, 2026","Good but basic if you don't pay up. Expensive to subscribe."
"Devin","3","June 24, 2026","Great app, too many core features behind premium and they keep pestering you to buy it."
"n b","1","June 24, 2026","terrible and cost money stops recording all the time very poor app for a cost"
"Michael Wiseman","1","June 24, 2026","cant even send a code on time like...."
"E S","4","June 24, 2026","useful if you do sport"
"Kings Chungu","5","June 24, 2026","this what I've been looking for I'm happy I finally got it📈✅"
"Brandon Joseph Quizon","1","June 24, 2026","I was having trouble with the auto subscription."
"JAM GraphX","1","June 24, 2026","one of my activity mysteriously vanished,"
"Dheeraj Singh Nayal","5","June 24, 2026","one of the best"
"Romar De Guzman","3","June 24, 2026","great for tracking your activities. also not great at tracking your activities. It Has issues with auto resuming from auto pause, sometimes just draws a straight line and doesnt even count the distance. most of the time it just stops the whole recording on your first stop. this doesnt happen with ever other app. I am speaking from more than a decade of usage."
"Whitney Sanders","5","June 24, 2026","love it very easy to use"
"Daksh Rikhari","5","June 24, 2026","best free app for tracking your steps. Very helpful and the best app ever"
"Ryuga Ryunna","3","June 24, 2026","Hi Strava team, I understand the need for age limits, but I think there should be a safe solo mode for younger users. Some kids just want to track their cycling, distance, and progress for fun without using social features. A restricted account with private activities, no followers, and no public sharing would make Strava more accessible while keeping safety and privacy in mind. Thanks for considering it."
"Sanjeev Keshariya","1","June 24, 2026","Strava should use the correct official map of India on its platform. Displaying inaccurate boundaries is unacceptable and disrespectful to Indian users. Please review and correct the map immediately to comply with Indian laws and regulations. If this issue is not addressed, I will report it to the appropriate authorities and take further action as permitted by law. Please resolve this as soon as possible."
"surendra singh mourya","1","June 24, 2026","not good this app show distance without you take single step how? not impressed"
"Arun Ramachandran","4","June 24, 2026","If I am connected to the Internet then only the app works. Otherwise it crashes"
"Kalpesh Parmar","5","June 24, 2026","awesome"
"Sakthi Kumar","4","June 24, 2026","very nice app"
"Manish Parmar","5","June 24, 2026","👍"
"susri rasheed","2","June 24, 2026","Not accurate for the distance i used"
"Arjun Kumar","5","June 24, 2026","I love this app"
"Sarah Dasher","3","June 24, 2026","It's good at several things I personally don't care about, and bad at the things I would use. Are the AI narratives something anyone asked for? I miss MapMyRun."
"Anthony Marcovitz","4","June 24, 2026","subscription is very expensive for what it provides...."
"kumar krishna","5","June 24, 2026","ok"
"BigRed Ball","3","June 24, 2026","good tracker but often does not save correcrly"
"rahul gujarathi","5","June 24, 2026","excellent aap"
"Jeff McDaniel","5","June 24, 2026","Great app! You'll get caught with setting faster times then just settle in."
"Thorsten Fabian","5","June 24, 2026","great for tracking activity"
"Justin Timmer","3","June 23, 2026","Great apart from crashes, randomly cuts out mid way through long rides, even in places with good reception. have to constantly check if its still recording."
"André Wauthier","1","June 23, 2026","doesnt work, it says i walk 10km in 30 min and the map is on cocaine"
"Erkan Karabulut","1","June 23, 2026","Auto pause feature does not work as intended, not even close. Everybody using this app pauses themselves. And the entire app and most of the communities are built around unhealthy obsessions with sports and number games. Strava would make you run to your death to make money."
"Julius Ceazar Tapalla","1","June 23, 2026","you can't return my subscription!"
"Zhafran Abdillah","5","June 23, 2026","untuk pelari kualcer"
"Sean S","1","June 23, 2026","I was a paid subscriber for years until their costs rose too high. Now they spam me to subscribe every time I open the app. Drop your rates in half and stop spamming and I will resubscribe."
"Polar Bear","1","June 23, 2026","Everything need to pay in this app wth, there's another at least better than this called map runner. I know this app actually collect ur data, my worse decision to download this app"
"Modi Alyan","1","June 23, 2026","Doesn't allow to edit wrong activities, even after correction in Garmin Connect!!!!"
"Henny den Koning","2","June 23, 2026","Great app, but it's dependent on Google Play Services so won't run on LineageOS."
"Rajendra Khansali","5","June 23, 2026","it's very good running app to record our workout,but monthly subscription need to review and minimum rate will be fixed"
"John Brown","1","June 23, 2026","Can't even get logged. Have to use the website. Click login for the app and it sends a code. The problem is that the time it takes for the code to come through is longer than the app allows (10 seconds... Lol) before resetting."
"Ulya Ahmad","5","June 23, 2026","Best of the Best APPS Exercise 👍🏻👍🏻👍🏻👍🏻"
"NSays InGame","3","June 23, 2026","trackernya kadang burik"
"Zelda!","1","June 23, 2026","Regardless of what I try, Strava will not recognize my Huawei Watch Fit 4 as linked, despite Huawei Health stating that my account is linked to Strava. A real disappointment since I was really excited to start using this App."
"Pravin Patil","5","June 23, 2026","best for running"
"Kara Miles","5","June 23, 2026","fun, supportive app"
"Sathishharan Kaviya","5","June 23, 2026","good"
"Priyanshukumar Paswan","5","June 23, 2026","best app in playstore for running, walking best 🌟"
"Dibyajyoti Das","4","June 23, 2026","👍 good"
"Milkie S Generalao","1","June 22, 2026","Good morning sir i would like to refund my money i didn't mean to buy it it was accident that was for my allowance sir oleas help to. give it bakc i want to refund sir hope you understand my situation right now"
"Jake Savage","1","June 22, 2026","Garbage app. Shows you features then when you click on it you get a pop-up that says you need to subscribe to access the feature. Absolute trash."
"Noor Aini Mohd Khalid","3","June 22, 2026","My hiking activities not recorded"
"Stephen Didcote","3","June 22, 2026","Dear Strava Team, I am writing to request that you add a setting to disable the share prompt that appears whenever a screenshot is taken of an activity. While I understand the desire to encourage social sharing, this popup interferes with my device's scroll capture function. The overlay prevents me from capturing the full details I need for my records, which is quite frustrating. Please consider making this feature optional in a future update. Thank you for your continued work on the app!"
"Septhyan Aribowo","1","June 22, 2026","cant link to another app"
"Manav Jain","3","June 22, 2026","I am unable to follow the people and this error is showing on strava ""the strava server has encountered an error. please contact support if the problem persists."" Iam not able to follow people from last 1-2 days. please fix this!😡😡😡😡"
"Narasimha Murthy Kadimi","4","June 22, 2026","good app"
"Arjun Pradhan","3","June 22, 2026","etna kiu hang marte ho yr"
"Gary Paduana","1","June 22, 2026","Pixel 7. Latest update. Every single time I watch a video, the audio from that video will continue to play on repeat until I force quit the app. Even after I go to another video, even after I go to another app, even after I turn off the screen! The audio from that video won't stop looping! It's crazy-making!"
"Khush Somani","5","June 22, 2026","simply excellent"
"Rizal Amirul","5","June 22, 2026","Running For Reality 💨"
"John Montero","4","June 22, 2026","Really good app, I just need turn-by-turn navigation for the run"
"Anugrah Joel","5","June 22, 2026","peak app"
"Trent Minneman","3","June 22, 2026","love the social aspect of the App. It seems to have some trouble quiting in the middle of activities so I do lose some workouts."
"Győző Tamás","1","June 22, 2026","trash"
"Paul Duarte","5","June 22, 2026","An excellent app that I use almost everyday."
"Akhilesh Chauhan","5","June 22, 2026","excellent App for Cyclists"
"Christina Burbank","5","June 22, 2026","I'm new to running. I've been using Strava since January. It's like Facebook for runners. I store all my trail run data and pictures. I need to add more Strava friends... lol!"
"German Garcia","5","June 22, 2026","it's beautiful app"
"Angeline A. Agus (geline)","5","June 22, 2026","👍👍👍"
"bhajanlal naik","4","June 22, 2026","excellent"
"John carlo Alcantara","5","June 22, 2026","goods quality"
"Sarani O'Carroll","4","June 22, 2026","love the community and sharing and support, hate the pop ups for the subscription"
"Alex Wilkinson","5","June 21, 2026","lots of good integrations with Garmin, peloton, decathlon etc"
"Elena Tkachenko","1","June 21, 2026","I've been using Strava for 10 years, and it worked just fine. After recent couple of updates it became so full of bugs that it's not usable anymore."
"6D dev sadhwani","5","June 21, 2026","noah anderson inspired me"
"Mimi","4","June 21, 2026","So far it has been great so far but i just cant seem to subscribe? it keeps saying ""server not responding"". i really want to subscribe but this app is not letting me to"
"Ian Wee","1","June 21, 2026","Cant track maps on my phone anymore. Return back my money"
"John Carlsen","1","June 21, 2026","I've been using Strava infrequently, sharing my activities with a few friends. But when I recently tried to use it to start recording activity, it interrupted me by displaying a message reading ""Upgraded feature"" and ""Recording just got simpler."" In my hurry and the bright outdoor sun, I couldn't find how to make the message go away so the app would start recording. So, Strava really failed here. After similar problems later, I deleted my account and uninstalled the app."
"ROB ALLEN VIRINA","1","June 21, 2026","it makes it super hard for you to cancel/end your subscription so you pay more money without you noticing"
"Andrea E","1","June 21, 2026","Super frustrating that trying to log into the website on mobile auto redirects to the app. I wouldn't be trying to log in on mobile website if the app had the download gpx function but here we are."
"Barry Davey","1","June 21, 2026","you auto renewed my sub without telling me and no chance was given to cancel"
"Summer Rubies","2","June 21, 2026","couldn't find the feature request page even with the support AI bot, so here it is. would really appreciate a way to turn off double tap and/or to give kudos."
"Cristian","3","June 21, 2026","Tratando de hacer mi récord personal, strava me dio datos que luego se cambiaron al momento de finalizar la actividad"
"Cesar Canchola","5","June 21, 2026","Excellent app"
"Vishvarajsinh vaghela","5","June 21, 2026","good"
"Nick","1","June 20, 2026","three times you asked me to sign up for your app off of one run I don't want it get the hint stop asking me every time I open the app"
"Adamson Miguel Bautista","1","June 20, 2026","doesn't refund the money, even i don't use premium"
"jason rayburn","4","June 20, 2026","Fantastic app! everything about us great. Reason for 4 stars is its expensive!!"
"Karla P","1","June 20, 2026","i have 34 activities that have yet to sync...."
"cys","1","June 20, 2026","Sometime will give a Wrong pace"
"Gary Brown","5","June 20, 2026","great app, but best to use another tracking device as Strava tracking can be suspicious"
"sumit kumar","5","June 20, 2026","excellent"
"प्रद्युम्न शर्मा","1","June 20, 2026","Not fetching data and not showing last activity"
"U k","1","June 20, 2026","this was genuinely a really good app when I started using around Covid later they started moving features to premium and now in 26 everything which was free to access is under subscription one simple example is best efforts why do I have to pay money just to see my best results for 5k, 10k just doesn't make any sense."
"Jory Woodcock","1","June 20, 2026","terrible"
"Irfan Arif Zulfikar","5","June 20, 2026","good"
"Roman Cox","5","June 20, 2026","im stoked on strava"
"Jim Fisher","3","June 20, 2026","I love Strava when it works. but I get ""Strava has recovered from an error"" to often."
"Aboe Adilah","5","June 20, 2026","best"
"unzy429","1","June 20, 2026","The tough workouts must have been written by a weakling"
"Shubham Sarma","5","June 20, 2026","Almost accurate 😊"
"Orchie Orlanes","5","June 20, 2026","its so nice to use"
"Sebastian Janowski","1","June 19, 2026","Next to impossible to delete your account."
"Michela Kilner","2","June 19, 2026","everything is behind a paywall. gross"
"Mridul Joshi","1","June 19, 2026","Intensely frustrated for destroying fatmap. It was a very very useful, noble app that I used to study mountain ranges. Why would you put it inside such an app and make it a paid feature."
"timothy keatin","1","June 19, 2026","thing dies on me all the time"
"Sander Cabañal","1","June 19, 2026","my account charged me 1500 Philippine pesos and I unsubscribed because of fear that it might charge more, but when i tried to reactivate my account it won't let me reactivate!!!! that money was supposed to be my allowance!!!!! I am very disappointed!!!!!!"
"Una Tonight","5","June 19, 2026","i can get know how many calories burn by walk, jogging, bike a motorcycle and run to achieve a good lifestyle."
"Kestutis An","4","June 19, 2026","Good companion to follow your sport stats. Connectivity with other devices is great, just few manufacturers don't have direct integration."
"Aroi Mak","5","June 19, 2026","Good apps!"
"Daniel","2","June 19, 2026","Leading athletics app until they put every single feature that was previously free behind a paywall. its essentially a notebook using google map without the subscription. My second week using it I couldnt share any maps as they were all gltiched and broken platform side, which was confirmed by support. I get wanting to make money but now the app the same as or worse than every other fitness app."
"Emily Harrison","3","June 19, 2026","I have thoroughly enjoyed the app. I like the activity summaries and the social aspect of it. Strava needs to expand the options available to set as ""default"". In particular default maps (i.e. choosing not to use the live route playback) and default body model for weight training. Also, I like to share my Workout Analysis panel, but every time I screenshot, I get a pop up saying ""use our share function"". I'm not using it because the options don't show what I'm trying to share!!"
"Budi Sudarmaji","5","June 19, 2026","aplikasi good"
"Jared Desrochers","5","June 19, 2026","It seems like one of the few social apps that managed to avoid the slop, outrage, and importantly, ads. It helps a lot that it is centered around a shared interest in terms of physical activities and that management has wisely not decided to go hard on ads."
"Nacho Productions","5","June 19, 2026","Strava made me hard"
"DJ Vince Kline","4","June 19, 2026","great sports app for athletes both professional and amateurs alike. almost every sport is covered. however, quite some glitches, if you are a fast cyclist for example, Strava thinks that you're cheating and says that you must use an e-bike even when you 1. only have a normal road bike and 2. cannot even afford an expensive e-bike."
"Mauli gaikwad","5","June 19, 2026","very good"
"Mathieu","5","June 19, 2026","great app for runners trying to get better"
"Adhi Widyarta Putra","5","June 19, 2026","great apps to help me better"
"Amariv Moentari","3","June 19, 2026","With the new exercise feature you should be able to copy complete workout plans from past days to your new workout day. Manually filling every exercise feels like a chore. If I do the same exercise every week, why do I need to fill it every single day one at a time. Frustrating!"
"JOHN OMONDI","5","June 19, 2026","Excellent for tracking activity."
"Craig Russ","5","June 19, 2026","I don't feel like I've done my thing unless I can brag"
"Brodie Driscoll","3","June 18, 2026","Can you please stop shoving your ads to upgrade to premium every single time I use this app. I am not as active as I once was, it won't benefit me, I shouldn't have to say no every single time."
"Richigann","1","June 18, 2026","cant login to my acc"
"Ibrahim Rais","1","June 18, 2026","They disable your account with no explanation and no reason and the customer service is very slow and useless"
"Awe Cezar","3","June 18, 2026","didn't record 24 km I made"
"Arthur McGrue","1","June 18, 2026","Update 18 Jun 2026: still can't pace for non-run events. Now the app hides my challenges within challenges that I have no desire in ever doing. Time to mark down when this subscription ends. A great app for tracking your events. However, you only get feedback during the activity when you are running. I don't run, I cycle and walk, and would like to know what my pace is during the event without having to turn the app on and causing my phone to use more battery life."
"Longchong Bey","3","June 18, 2026","absulutely carbage when you run at track, i faced almost every time in 320m lap i ran over 15½ or 15⅓ yet strava displayed just 3550m in distance! why its? Everything was fine but this issue need to update"
"Some daniel Chavez","1","June 18, 2026","it steals money i lost my 1.5k"
"Kyle Chester","1","June 18, 2026","Hi, I’d like to follow up on my refund request submitted yesterday regarding an automatic deduction from my cash account. The funds were intended for my school expenses. I understand that I may have activated a free trial, but I did not intend to subscribe to the one-year plan. I was also not clearly notified or asked for confirmation before the payment was charged to my account. I find it frustrating that the payment was automatically deducted without explicit confirmation. Please."
"Prince christian O. Cabatingan","5","June 18, 2026","Gave me a free subscription for my longest ride thank you 😄 and also it very reliable on keeping track of my speed and time"
"M4RK SKLTÑ","3","June 18, 2026","Tapped Record and at the end of the activity nothing was recorded. Need a way to lock the screen so it doesn't accidentally get pressed."
"Parikh Zenil","5","June 18, 2026","goat"
"Fred Senterre","3","June 18, 2026","Awesome way to push yourself to get in shape. The pro plan is cool BUT the create a route feature is so bad! Please Strava just copy google map. I just lost 30 min to try to create a route between 2 addresses!"
"Markermantabirara Siman","4","June 18, 2026","I love this app so much i hope they add gradient meter like speedometer does🌹✨🌹✨🌹✨🌹"
"Taylor Walsh","1","June 18, 2026","use to be cool but they put everything behind pay walls and made it too expensive"
"ajij shah","5","June 18, 2026","good"
"Wanshandame Tynsong","5","June 18, 2026","works just fine."
"Benjamin Johnson","5","June 18, 2026","GOATED 😎"
"Larry Uy","5","June 18, 2026","my favourite running app!!!"
"Gary Michelson","1","June 18, 2026","I can't seem to can el this account"
"Ted Tullier","4","June 18, 2026","pricey"
"EUG","5","June 18, 2026","Great for the most part. But I don't know another option anyway. I'm good."
"Stephen Clark","5","June 18, 2026","A good app 👌"
"Edgar Häner","1","June 17, 2026","Stopped recording in the middle of my longest run Edit: did it again"
"Hannah Haslam","2","June 17, 2026","So glitchy, way too much bothering about purchasing the paid app"
"Lisa G","1","June 17, 2026","I try to use this app just for walking and it dont even keep my miles for me. not at all a good app and it says free some much for free. I hate this app"
"Sachin Kosliya","1","June 17, 2026","use correct map of India"
"Nishat Ahmed","5","June 17, 2026","Its work like a certificate for a cyclists and runners as well"
"Shrimant Shinde","5","June 17, 2026","Easy to Use and navigation. Very good Distance accuracy and Time accuracy. We can see the records of STRAVA app users in the World and can send appreciation comments and can give Kudos to them . while using this app low Battery consumption. Every one's Personal Sports information Record . no charge ,Cost for to hold normal records. App have an appealing design . by using this App you can improve your sports technique by seeing your segments record . Very nice Best and Beautiful STRAVA App ."
"Jules","1","June 17, 2026","If only they returned It to how it was. An app ruined unnecessarily. Also when on travels I have to waste mobile battery as it won't run when optimised. It needs full powering on a Samsung so useless for any long walks / runs. The poor design by the designers just keeps coming.An almost useless App now."
"Alfredo Pasta","2","June 17, 2026","its a good app but its really bad at actually tracking. the maps are all over the place, the distance is always over estimated and the path is often wrong."
"Jasmine Bates","3","June 17, 2026","There was a recent update that added more animations everytime I complete an activity, there doesn't seem to be an option to disable these and they are laggy and annoying. App also frequently crashes and does not track my activity accurately. Initiating a recording of an activity sometimes causes my playing media to pause."
"Niro Black","4","June 17, 2026","downgraded to 4 stars as there are lot of bots account, scammers and spamming going on in the platform. please do something about it"
"Christian Ydel","2","June 17, 2026","been using this app since 2023, but just recently im getting gps problems. gps going everwhere, i did everthing that strava needs to fix that problem, surprise it didn't even work. this has got to be a major problem for this app. gps glitching/bugging as always."
"r s","5","June 17, 2026","awesome"
"Prince Prince","5","June 17, 2026","good"
"Michał Stawicki","1","June 17, 2026","Horrible UI, I think it would be easier to find cooking recipies in Strava than my last activity."
"Femi Fadeyi","1","June 17, 2026","The screenshot intercept feature asking me to ""share"" needs an option to stop asking, because it make it impossible to take scrolling screenshots."
"Bon Nortez","5","June 17, 2026","goodie good"
"Dhiraj Kashid","5","June 17, 2026","excellent app"
"vignesh g","5","June 17, 2026","good one"
"Jonathan Perez","5","June 17, 2026","great companion for a better me!"
"Julie Mar Ayuman","5","June 17, 2026","highly recommended for tracking your workout plan."
"Prakhar Goyal","5","June 17, 2026","good app for activity tracking"
"Chilishot","2","June 17, 2026","asks for a 5* review and the only way to close the popup is by clicking ""rate"""
"Faris Rosli","5","June 17, 2026","I NEED AN UPDATE, BETTER MONTHLY AND WEEKLY STATS THANK YOU"
"Muhammad Ami","5","June 17, 2026","very good"
"Marcelo Bittencourt","1","June 17, 2026","Its not the first time I have a issues with Strava as other companies that trick users offering free trials and create tricky pages with small letters to take money out of users without authorisation. I absolutely despise it, its such a scam. we don't have a team online to help. hate it."
"D McK","5","June 17, 2026","Great fitness and cycling tracker"
"socialmedia vebrio","5","June 17, 2026","Best app"
"Kelly Slater","1","June 16, 2026","Completely locked out of my paid subscription due to the Facebook login removal. Opened Ticket #4063497 weeks ago with zero response. App is unusable, customer support is entirely non-existent."""
"GJINDREN Luta","5","June 16, 2026","is the best app for running"
"Woody Saghieh","3","June 16, 2026","I wa.t to subscribe but so far I am unable to connect strava to my whoop. In whoop it shows that strava is connected and it reads data fekm strava. However in strava when I tried to connect it showed me that an error occurred. I can't see the connection in strava. I emailed support many days ago and so far no reply. If I dknt get a reply I simply won't subscribe."
"Nefeli Konstantinidou","1","June 16, 2026","The app doesn't calculate right my distance. Even when I am running inside a stadium, at random points it puts me outside in the street. Tragic!! P.S. why doesn't it show the calories?"
"Mike Taba","1","June 16, 2026","Does not allow easy unsubscribing"
"Syafiq Aiman","5","June 16, 2026","Strava is a great app for tracking workouts and connecting with other fitness enthusiasts. The features are accurate and motivating. It makes exercising more enjoyable."
"DrewMarx Lanuang","3","June 16, 2026","i suggest that Strava should work or partner with ""mi fitness"" app and it's fit watch to or partner with various and more ""fitness watches"" and more social media platforms not just Facebook but also Instagram, tiktok, Snapchat, threads, messenger, X and more/ many other social media platforms for more people to join Strava and make Strava more engaging to join companies for more athletes to join for billions of athletes. and Strava should partner with Google maps, Waze and xiaomi smart band 10"
"VSS","1","June 16, 2026","Cool app, would've given more stars if it doesn't beg you to pay (subscribe) on literally every second click you make with a popup that you need to close. Yet another app I'll 🏴‍☠️ 🤷🏻‍♂️"
"Hafiz Amir","5","June 16, 2026","Strava is the absolute gold standard for tracking runs, rides, and outdoor adventures. The GPS tracking is incredibly accurate, the interface is clean, and the data breakdowns give you the perfect amount of insight without being overwhelming. If it's not on Strava, it didn't happen!"
"Khir Zain","5","June 16, 2026","good"
"Vivek Kumar","5","June 16, 2026","👍👍"
"Jann Dale Helig","5","June 16, 2026","GREAT APP"
"Candace Crawford","3","June 16, 2026","I enjoy it when it works! sometimes it stops recording halfway through or never starts, thus the 3 stars."
"Steve 89","5","June 16, 2026","The best!!!"
"Mesake Doge","5","June 16, 2026","love this app"
"Garrett Hart","5","June 16, 2026","encouraging"
"Catur Adi Nugroho","5","June 16, 2026","great"
"Miyagi","5","June 15, 2026","good"
"Jim Barton","1","June 15, 2026","Not free if it requires a credit card for a 'free trial"". Dark mode appears to have no writing on the cap, but apparently it is red on dark grey. Useless for us 8% of men who are colourblind to some degree."
"Sankalp Pahade","1","June 15, 2026","It's frustrating to open this app and have the wrong map of India bring displayed. Also there is almost very difficult to give them feedback on that part but no options are provided to correct the map of India."
"First Last Name","1","June 15, 2026","Here I will write all the good things about the logon procedure for the Strava apo with the 6 digit code send via e-mail: wonderful annoying. I will also write about the things that are working properly with the Strava app on the most secure and privacy friendly OS (Graphene OS) for Google Pixel: 1) the app prompts for e-mail and login code. 2) nice color theme."
"Jitendra Kagawade","5","June 15, 2026","oooo good"
"hudaakarim","3","June 15, 2026","always problem"
"cydrick astaca-an","5","June 15, 2026","ok"
"Daphne Santos","1","June 15, 2026","SCAM!!!!!! AUTOMATIC NA BINAYARAN SUBSCRIPTION KO DITO EH WALA NAMAN AKONG SI-NIGN IN NA INFORMATION. BIGLA KINAIN 1,500 KO SA GCASH. PLEASE, HOW TO REFUND THAT."
"FRANCE SILT","1","June 15, 2026","please refund my transaction I purchased it by mistaken"
"Manoj Kumar","1","June 15, 2026","Low quality tracking Not actual pase show randomly second time showing"
"Kiran Sugandhi","5","June 15, 2026","Strava is user-friendly application. it helped me to push my limits. I really enjoy this application. All five stars to you strava deserve it"
"Simon Lingard","5","June 15, 2026","I love the social connection to other athletes, and the AI athlete intelligence who h keeps me motivated."
"Vinayak Sharma","5","June 15, 2026","best app for running and i am very grateful to have all access of subscription due to my efforts thiss app has made me more enthusiastic highly recommended just download start tunning and seethat stats you will get to know there iss lot to improve.... 😊😊🫡🫡🫡"
"Brian DeJesus","1","June 15, 2026","terrible customer service but they are not afraid to take your money"
"David Kingham","5","June 15, 2026","A really useful and functional app. Great for sharing with others from a motivational perspective and very accurate tracking functionality."
"Sadik","1","June 14, 2026","Is forcing me to buy a subscription to use the search feature."
"John Watson (VORZAP)","3","June 14, 2026","I'm a fan of the app and have been a subscriber since 2015. In 2025, I made the switch from Apple to Android and canceled my apple based subscription. Since then the app has been loaded with resubscribe ads to resubscribe with the Apple store. I however no longer own an iPhone and therefore have no reason to maintain a sub on that platform. Please stop the harassing ads to switch back to Apple to resub."
"RAHUL SEN","1","June 14, 2026","I tried everything to make this app work. I locked it so it doesn't auto-close, gave it every needed permission, even made sure I had enough battery so my phone doesn't go in battery saver mode (because the app won't work properly in battery saver mode as per the in-app message). After all this the app still fails to record my activity properly. I had simple expectations but the app doesn't meet them, and needs significant improvements. If only it had worked, I would've bought the subscription.."
"Mikaela Andrea","3","June 14, 2026","I would like a refund, please. This app accidentally purchased a 1 year subscription that costs ₱1500 from my GCash account on June 11, 2026."
"Faith Amor","1","June 14, 2026","It used to be one of the best apps but it is no longer reliable."
"chaiyokk","5","June 14, 2026","Saya menggunakan Strava untuk merekod aktiviti sukan dan kecergasan . Apa yang saya suka ialah statistik yang diberikan sangat terperinci dan membantu saya melihat perkembangan dari semasa ke semasa . Selain itu , komuniti pengguna yang aktif juga memberi motivasi untuk terus kekal cergas ."
"Andrew Ragosta","1","June 14, 2026","can't log in with facebook, the email which i used is deactivated yahoo email. I tried to link my gmail to my facebook, but it creates new account on strava."
"Mu. Samir Odiya","1","June 14, 2026","bekar hai"
"Summer Fall","1","June 14, 2026","map is not accurate"
"Ketu Game play","5","June 14, 2026","best"
"rj Mesak","4","June 14, 2026","Easy to use"
"Gaurav Singh","5","June 14, 2026","good 👍"
"Christopher Walz","3","June 14, 2026","Looks like a great app, but when do you plan on adding carbinox to the list of devices? I don't want to buy another expensive watch just to use this app."
"Yedy Adianto","5","June 14, 2026","great"
"Robert Smith","5","June 14, 2026","Great for tracking my bike rides"
"Arpit Sharma","5","June 14, 2026","Good App"
"Wellington Tanaka “ManHimSelf” Chakabvira","1","June 13, 2026","This is one of the best running app but I'm not able to download my statistics especial after the race. If I try to save it, it will download a picture with showers without anything visibility. Please help me"
"Curtis Perdew","1","June 13, 2026","my first run i ran 6 miles, it didn't measure properly and showed 4.76. I know I ran 6 because I live in the country and I ran 3 blocksout and then back in. edit: I gave it a second try. turns out if you're not actively on the tab when its recording it doesn't track distance, just time. so I ran 8mi, tracked 2.8. I'm wholeheartedly disappointed."
"Name","1","June 13, 2026","Who changes an app to make you pay to screenshot your runs?!"
"Jeffrey Laing","1","June 13, 2026","This app doesn't work on my new phone (GrapheneOS). Hopefully, everyone can see the irony -- GraphoneOS is a more secure version of Android and ""Play Protect"" is protecting Google and not the user. This app is now useless to me. It has now been uninstalled."
"Devan Jaecker","1","June 13, 2026","I've used the free version for years without issue. Recently the app would close during usage and upon completion of a ride would state it had recovered from an issue, with nothing recorded. Tried to fix the issue by unistalling and reinstalling the app. Now strava wont even recognize the code they send to log in. So totally locked out. A whole new low for strava."
"Timothy Vosberg","1","June 13, 2026","recent update is terrible. map feature is subpar to the previous version. progress functionality doesn't calculate all activities"
"Danijel Savičić","1","June 13, 2026","Stops logging without any warning. Then ""resumes"" by connecting two last logged points with straight line. Deleted."
"Mohammad Etemaddar","1","June 13, 2026","Why does it ban Iranian people 🤔"
"Andrew Eldredge","5","June 13, 2026","free tier is pretty useful"
"Jaat Raj","5","June 13, 2026","very helpful"
"Toshraj Jani","4","June 13, 2026","it is a good app for running, walking & riding.i love it and I every day use for walks or cycling.Thanks strava❤️"
"vedant marne","5","June 13, 2026","One of best fitness apps for free subscriptions also"
"Zach Dykstra","1","June 13, 2026","If I take a screenshot of ride data, Strava pops up a window telling me I can just share the ride. This is trash software by a trash company."
"Celina Pulenskey","1","June 13, 2026","Won't connect to Samsung Health. Can't use the website on mobile without it transferring you to the app which doesn't work well. Overall app is only useful if you don't already having a tracking app that you want to use. Was excited to try this app, but now I'm just disappointed."
"Nick Drouin","1","June 13, 2026","Bait and switch. Nothing is free and prompts to buy services at every click. Absolute trash experience for a user contributed dataset."
"Nancie Ongera","5","June 13, 2026","Easy to use, reliable and Accurate ."
"Karen Dellow","5","June 13, 2026","I love how strava breaks everything down so I can see progress."
"MOHAMMAD ARIF SAPAR","5","June 13, 2026","Nice"
"JR Rodriguez","5","June 13, 2026","Worth Every penny"
"Ans Mahmood Ahmad","5","June 13, 2026","excellent app with motivational mode"
"darena","2","June 13, 2026","always ""can't connect to server"" something looged out automatically"
"Krish Chauhan01","5","June 13, 2026","AMAZING FOR TRACK YOUR RECORD MOST RECOMMENDED FOR ATHELETE & FITNESS"
"Raul Zambales","4","June 13, 2026","need to have premium to see my map"
"Chazz Fernando","5","June 13, 2026","good"
"ChoiShaEdits","5","June 12, 2026","Strava is a fantastic app for tracking my runs and workouts. It helps me stay motivated and monitor my progress. This app keeps me motivated to stay active. I like being able to review my performance and improve over time."
"Zoltán Felszeghy","2","June 12, 2026","Do not advertise it as free when you offer a subscription based service. I understand that there is a trial period, but it us still misleading. Instant uninstall."
"F H","1","June 12, 2026","heatmap disappears after switching from another app"
"Dan Miess","4","June 12, 2026","Just getting used to using Strava, but I like it so far"
"Pam Meehan","2","June 12, 2026","didn't work with my watch so didn't use it 😕"
"Martin Lowe","3","June 12, 2026","Better than nothing certainly, but they've lost focus on the user and the fact they are likely exhausted when using the app. You need big areas to click on to reverse an accidental touch, rather than two accidental touches of the main screen area landing you trapped in a full screen map with no option than to click the back arrow, leaving the activity. The number of times I have to stop my run, sort it out and get going again"
"Patrick Gianne Carvajal","1","June 12, 2026","Bring back the Facebook Support, I cannot log in to my account."
"cycletransa cycletrans","1","June 12, 2026","Too many network errors while other apps have no issues. Contacted me in a very ICE manner that I had breached their rules, their rationale was based on an erroneous machine translation of the name of a road. Route mapping has become route napping. Just did 62, it logged 50. Average speed and performance on segments all void. Liaising with support is the same three times over: here is the support page that will explain the steps you need to take, but none worked. Why pay?"
"Patrick Christofer","1","June 12, 2026","stupid bug. cannot change profile picture."
"Bhupendra Panchal","5","June 12, 2026","Best app for sports"
"Sangay Bhutia","1","June 12, 2026","ran 19km and then my phone switched off this app couldn't record that. please improve"
"葉耿昌","5","June 12, 2026","good"
"Sahil Singh","5","June 12, 2026","nice app"
"J. Christopher Godinez (Pinky Santino)","3","June 12, 2026","used to be better when the app didn't force you to search the exercise to get the model that shows what body part you worked. having to go to the list instead of just highlighting the body part is a total drag"
"Joe belly Dickson","5","June 12, 2026","very good"
"P Woodside","4","June 12, 2026","normally Stava is very consistent, but have occasionally had issues saving an activity. today it stopped recording my bike ride twice... gps issue?"
"Gene Newsom","5","June 12, 2026","outstanding"
"Parminder Singh","4","June 12, 2026","very nice"
"Sweeta","5","June 12, 2026","good job"
"its06 _bearman","5","June 12, 2026","works great for what I need it for, few to no problems, and everything is easy to find"
"Luca Owens","5","June 12, 2026","Best app ever"
"sledcowboy01","1","June 11, 2026","I used to use this app all the time for tracking runs, bikes, etc and loved it. I deleted the app a little while ago. Now I'm in a new area and wanted to see what trails are around so I download Strava again only to be hugely disappointed. I don't see how free users utilize this app- you can't do anything! If you're happy with paying a subscription for this app then go for it but I can't bring myself to pay for something that I used to get for free. Strava is nice to have- not a necessity."
"Krista Shelkey","1","June 11, 2026","Fix Your Distance Issues!!! I'm uninstalling this because the distance never syncs up with my Galaxy Watch 7/Samsung Health and it always says I ran a shorter distance. Maybe if this synced properly I would be willing to pay for it... but certainly not interested in even using it when it makes it seem like I'm doing worse I actually am."
"Adam Kurasz","1","June 11, 2026","Unable to import Gpx file from app. 😂 LOL it's 2026!!! . Won't be renewing after trial. Back to Komoot!"
"Farah Ziya","3","June 11, 2026","great app only issue is not knowing if you'll allow auto activities from Oura to be uploaded onto this app at some point in the future. it's just frustrating to have to still use my phone to record manually on either app or sometimes both apps"
"Baestaethic","3","June 11, 2026","Please i have a gmail send regarding to the automatically subscription charge. My 14 days Refundle if gonna end soon and no one is handling it. Please reply as soon as possible."
"Helen Stephens","1","June 11, 2026","All I wanted it for was to connect with my basic indoor cycling bike and ride in new worlds. I couldn't even find where in the app to ride. It was wanting access to my watch and my personal health data. Or me to connect with others. I just want to put music in and ride. No desire to connect with others and I don't think it needs access to all my health data. Just wanted it to connect with my simple bike and ride. That's all! I don't mind paying for a subscription but I want it to do."
"Muhammad Alif Al Raihan","5","June 11, 2026","Thanks to this application, I became aware of how important it is to exercise. I am very happy to have found this application because every sport activity I do can be documented very well."
"Fonz de Wondersponz","1","June 11, 2026","Running the app on grapheneos for some time, always worked fine, but since the last 2 updates I'm unable to login on the app. It doesn't accept a pin or password anymore, leaving it useless"
"Kamla Tomar","3","June 11, 2026","some glitches are there"
"Subhajit Ghosh","1","June 11, 2026","Stupid application. Even after confirming GPS accuracy it misses movement tracking... Just Pathetic"
"Sanjay Panghal","5","June 11, 2026","its fantastic app"
"Amirthalingam R","5","June 11, 2026","super app"
"Tian Balalembang","1","June 11, 2026","I can't share manual activity in Instagram stories, please fix it and solve the problem."
"Tufan Morwe","3","June 11, 2026","love you 🤟 the Best Activity track app."
"APTG ALWAYS PROGRESSING TOWARDS GOALS","5","June 11, 2026","sweet app. Great for tracking and is very accurate!"
"Karla Harris","5","June 11, 2026","In love with this app. it keeps me on track and motivates me to keep going."
"Dunhill Cruz","1","June 10, 2026","This app is great easy to uninstall"
"mad planet","1","June 10, 2026","strava encountered an error repeat. creepy athletes to follow. creepy."
"Savannah Brewer","1","June 10, 2026","useless. its only job is to record my activities but it only works half the time. im tired of ""an unexpected error occured, your recording has now resumed"" greeting me at the END of my workout, meaning NOTHING was actually recorded at all."
"Réka Borbála Németh","4","June 10, 2026","It's a 4/5 however, only would it be a 5 whether there were a running invitation function aswell."
"Parham","5","June 10, 2026","so good"
"Matthias Keller","1","June 10, 2026","Seems not smart enough to combine data from two sources for one activity. Also pushes subscription very hard."
"Patrick Poquez","1","June 10, 2026","not compatible to huawei band 11 👎"
"Tom G","1","June 10, 2026","Reinstalled and still glitch wiping every single run. Can't manage a challenge so I lose a half marathon pb prize draw. Thank god I have my garmin now and don't need this garbage."
"David Molony","2","June 10, 2026","Flaky and hard to navigate. to record it's like open. do you want a Garmin? no. do you want another plan? no. press record. it doesn't start. press play. doesn't start. says no satellites. press on. press record. still no satellites so doesn't start. eventually it finds satellites but doesn't start just sits there not logging.... line just start recording dammit. And why can't it auto detect left on in the car. seriously, how am i crushing it with 1 minute/km splits on a run? lazy lazy program"
"Mrharish Shaikh","5","June 10, 2026","over time. It keeps me consistent and accountable especially on days I don't feel like training. Highly recommend for anyone serious about fitness or just trying to stay active."
"Marko Mijoc","2","June 10, 2026","It would be an amazing app but the amount of ""buy premium"" ads within the app is insane - it is literally impossible to press any button and not get a pop-out to buy premium, this makes the UX appalling and the app barely usable."
"An Tran","3","June 10, 2026","More reliable than the Nike Running Club app at not glitching out with tracking runs, but it's terrible at tracking itself in areas with high skyscraper density. I've lost minutes of tracking performance during some runs with how much the app lags behind my position and doesn't count the distance gained when it catches up to me."
"Lilly Njau","1","June 10, 2026","good"
"Vaibhav Patil","5","June 10, 2026","Nice app"
"Matthew Davis","1","June 10, 2026","The app does not track distance properly!!! I switched to Strava from Adidas Running this spring when a known software glitch in Running caused it to stop syncing activities from my watch. Strava worked great for a while. Now it's counting 30 mile bike rides as 16 miles and 16 mile bike rides as 9. The loop I ride is 8 miles. 2 laps can't be 9 miles!!!!"
"Syed Faisal","5","June 10, 2026","Good but sometimes slows down to upload activity....."
"Austyn Rogers","1","June 10, 2026","glitches out"
"Sukhwinder Virdi","1","June 10, 2026","the overlay not functioning properly , the distance is showing wrong , everything is wrong a about it .... i should better delete it"
"Yaung Ni Oo Electronic","5","June 10, 2026","Good Apk"
"Sarthak Mohanty","1","June 10, 2026","gps not accurate"
"Eldar Camdzic","5","June 10, 2026","the best"
"Bilal Darzi","3","June 10, 2026","goog"
"Malek Mohamed","5","June 9, 2026","احسن حاجة هتشوفها في حياتك للعج و الموتوسيكلات و كله يعني"
"Aadityaa Todkar","1","June 9, 2026","most of the time it terminates my activity automatically very irritating app😡😡😡😡😡😡"
"Kuldeep Yadav","1","June 9, 2026","not recommended"
"razif zainal","5","June 9, 2026","good for tracking your walk and run activity"
"Abhishek N Poojary","1","June 9, 2026","For every little thing, it asks for subscription. This app is not for someone who is starting with basic activities"
"Jemma Payne","1","June 9, 2026","GPS tracking is a joke. The app crashes then ""resumes"", cutting off most of my route and claiming I went at 2km/h diagonally through private property and climbing over buildings."
"Mohit Sharma","5","June 9, 2026","Unbelievable 😍"
"ISHWOR KHADKA","1","June 9, 2026","Fraud app, asked me to register to explore the app. Deducted money from my account linked with the email i logged in with. Made customer complaint for false charge. The customer care keep saying please use the feature instead of helping me. Such a waste of time and fraudulent app or website."
"Chris C","5","June 9, 2026","The best social media app to keep in touch with athletes, friends and fellow competitors. Top features include route segments, pairing you with runners when you run as a group and auto-syncing from your watch app. it's also good for when you travel and want to look for a root (Komoot is a close second)."
"Hickory Nut","1","June 9, 2026","there is no app, only in-app purchases."
"Patrick Smith","5","June 9, 2026","fab tracking 👌"
"Barry Steele","4","June 9, 2026","simple to start and set up."
"Amar Kakade","5","June 9, 2026","very nice"
"Seth Finlayson","3","June 9, 2026","Quit offering me ""upgrade""! it's annoying. I'm on here to share and receive workouts from friends, if you need more give up!"
"Vic Acabado","5","June 9, 2026","It's everything you need to track, record, and improve whatever sports you are in 💪"
"ed yauger","5","June 9, 2026","great app, I hope they continue to make gradual improvements."
"muugii muugii","5","June 9, 2026","👍"
"Abram Carney","5","June 9, 2026","🔥🔥🔥"
"Syahriyan Atlantica Sejati","1","June 8, 2026","you need to pay 20$ to use an app while others provide for free?? straight 1 star"
"Jason Huffman","1","June 8, 2026","the subscribe popularity just blocked my keypress to record my ride"
"Tiffannee Green-bernard","3","June 8, 2026","i thought this app was good until i realized it wasn't properly tracking my kilometers right. i drove my vehicle to clock the km and its like 2 km off 🙃"
"BHAVYA GHADIYA","5","June 8, 2026","it's a great app to track all your physical activities even with a highly accurate map. Even app notifies you for doing so and even make a streak to motivate you"
"Vanessa Kaili","5","June 8, 2026","Strava is a very useful app for runners and cyclists. I like tracking my progress and sharing activities. It helps me track workouts, distance, and performance. It also keeps me motivated with community features."
"Jody Maulana","2","June 8, 2026","Hi Strava, why did you swap the resume and finish buttons? Seriously, for what reason other than confusing your users? Sincerely."
"Joshua Battles","1","June 8, 2026","The last 6 months this app was great. now the past 2 weeks it keeps crashing and I lose my progress during my walk and jogs. im giving it another week as of June 8th, 2026. if it still crashes and loses tracking my jogs, and uninstall and move on. at this point, install it knowing it may crash."
"fiaalatokk","5","June 8, 2026","Strava is a fitness app that tracks activities like running and cycling using GPS. It provides accurate performance data and has a strong social community for motivation. However, some features require payment and it may feel complex for beginners. Overall, Strava is a great app for active users who want to track and improve their fitness."
"Fabio Pani","3","June 8, 2026","Why are you asking me to add my phone number? Don't you get enough data from me already?"
"Marthinus Nel","1","June 8, 2026","srava keep on stopping to revord"
"Majid Shaikh","5","June 8, 2026","nice app"
"john valdezco II","5","June 8, 2026","i love strava eversince"
"Danny Frederick II","3","June 8, 2026","Keeps getting worse."
"Renee Jones","5","June 8, 2026","love the interactive platform. gives me great insights about my performance"
"James Stackhouse","5","June 8, 2026","this app is pretty cool"
"B-2072 ABHISHEKH KUMAR","4","June 8, 2026","overall good"
"Darsh Mondkar","5","June 8, 2026","very good app"
"Renu Tripathi","4","June 8, 2026","best"
"Ramon Alvarado","5","June 8, 2026","Debería mostrar el VO2 max"
"Robert Symington","1","June 7, 2026","No longer syncs properly with Shimano E Tube Ride. Maybe not their target market and makes the app an iffy buy if you us this app"
"Sharul Kkhs","5","June 7, 2026","very good services.. thank you so much"
"Luke “TruFirefly” Curry","1","June 7, 2026","It does a awful job of tracking. Example I just did a 21 mile fat tire mountain bike ride. It gave me credit for 0.11 miles. Its the only one of the four tracking apps that constantly messes up. It's like it can't run in the background which is ridiculous 🙄"
"KARTIKEYA SAMUDRALA","1","June 7, 2026","dude the app is crashing constantly in my phone I'm trying to login crashed and then I try to record the workout crashed wth"
"Mihály Zentai","1","June 7, 2026","There is no real free functions! Wherever you click in the app always want to force the user to buy pro. Deleted!"
"Tiborc Pajkos","1","June 7, 2026","No treadmill option and not recording hearth rate from belt, just live data..."
"Angelito Masarap","1","June 7, 2026","I unsubscribe because it directly deducted 1500 without notice from my bnak account"
"Richard Harris","1","June 7, 2026","Strava is gaslighting you. Strava has sunk to gaslighting you into thinking your logon details are wrong to push you into their 'one time code', hence gaining a persistent presence on your device. This is just about gathering and selling your personal information."
"Ruben Fernando Niño Cardona","1","June 7, 2026","si puedo dar -5⭐ lo haria no marcar la distance"
"Matthew Tobia","1","June 7, 2026","Trash, does bot properly track activity on Android"
"Jarrod Loewen","1","June 7, 2026","You'd have to be a moron to give up your personal information to create an account before you even know if the app meets your expectations."
"Haidar Ali","1","June 7, 2026","When I share the strava link, someone else can't open it and it says that the link is not valid. So bad and ruin my day."
"alif roslan","5","June 7, 2026","The gold standard for runners and cyclists. Accurate GPS tracking, fantastic community features, and great performance analytics to track progress over time"
"Miguel Puente","2","June 7, 2026","This app used to be usable. Now all it does is push a subscription on to you. Pathetic. Now I'm only here for the year in review, the moment they put that behind a paywall I'm leaving and I'm taking my second star. I would take both but I can't leave a review with no stars. I've tried."
"Ella Max","5","June 7, 2026","its amazinggg"
"Karlene Heathcote","2","June 7, 2026","This used to be amazing. I bought the subscription to see if the app was better with it & ever since I keep getting the following error messages - ""Strava has encountered a problem. You activity has been restarted"". I have uninstalled twice. It works ok for a couple of days & bang it happens again. DO NOT PAY FOR THE SUBSCRIPTION. It's just not worth it"
"Wilfredo Cintron","3","June 7, 2026","keep shutting down"
"K Hogan","5","June 7, 2026","best app for runners"
"kanak roy","4","June 7, 2026","Good"
"ARUN K","1","June 7, 2026","very poor"
"Rusdie Tumbaga","1","June 6, 2026","I'm a victim here, please help me..... everyone help me... They charge me 1500 peso. it's automatically charge to my bank account. I immediately cancelled the subscription. Wether you notif before, I'm a busy ofcourse I didn't notice it. I request a refund, they said that process took 7days.... but now ...I didn't receive a refund.... I don't want it . ...why??? why???"
"Tien Luong Nguyen","5","June 6, 2026","good app"
"JHS","4","June 6, 2026","Mostly good although it really wants you to subscribe. Also the way the ""pause"" button moves immediately prior to tapping it is a really annoying UI."
"Obinna","5","June 6, 2026","I give this app a 5 cuz its perfect to track any activity u do a nd shows your progress . If you want to be committed to any means of fitness this app is your go to app hope this is helpful."
"Anthony Moyi","1","June 6, 2026","Keeps crashing too many times of late with the message ""strava recovered from a problem"" and ends up losing the route tracking. Quite unreliable"
"Дармовий Копан","1","June 6, 2026","Still glitches just like 5 years ago. It can randomly stop recording your route at any moment and ruin the whole workout. Zero stability"
"Jairus Liam Vargas","1","June 6, 2026","it won't work offline"
"Steve Marrow","4","June 6, 2026","the only problem I have is that you can't see your overall pace while running"
"Marko Rebic","1","June 6, 2026","cant cancel subscription"
"Denise Ugale","2","June 6, 2026","Hello team, This is Denise, I want to get my refund for Strava subscription. On June 5, 2026 2,999 Pesos. Got deducted from my account without my consent, I dont need this subscription, This subscription is of no use to me, please refund my money as soon as possible, this amount is very important for me, please consider my request as refund the amount ASAP. Denise"
"Suresh Balaji","5","June 6, 2026","good"
"Rakesh Dave","4","June 6, 2026","Got to know about this App from a cyclist friend. Have been using it since February 2026. This is very useful for tracking all my activities like Cycling, yog and walk etc. Added advantage of this App is you got to know sports enthusiasts across globe."
"Lyall Haynes","5","June 6, 2026","a great way to track your fitness"
"Vrindavan Das","5","June 6, 2026","great for workout"
"Hasmotshasmot Hasmotshasmot","5","June 6, 2026","super 💯😊"
"Rajendra Patel","5","June 6, 2026","very good"
"Setiawan Sw","5","June 6, 2026","perubahan di mulai dari yang kecil.. penting badan gerak dulu.. Strava membantu mem-boost utk mengukur perkembangan olahraga saya.. nice 👍🏻"
"Dexter Jones","5","June 6, 2026","amazing for pacing and socializing"
"Amey Nanaware","5","June 5, 2026","Best app for running"
"vishal sharma","3","June 5, 2026","always show 200 metre extra"
"Islam Plyz","4","June 5, 2026","أتمنى إضافة اللغة العربية في أقرب وقت بسبب ان هناك جمهور عربي يتطلع لهذا التطبيق"
"Ioan 54","1","June 5, 2026","Don't install this garbage . they push you every second to pay and you can't do anything if you don't pay; it's worthless"
"Cyril Eslao","1","June 5, 2026","I've been deducted the plan of this apps which is did not ask if you were going to have a plan for them. they just deducted with the plan that they didn't ask me if I'm going to subscribe to that plan. just help me with refund the 1500 pesos deducted to my gcash account."
"Dj VKT","3","June 5, 2026","kindly allow automatic syncing with other watch brands, xiaomi, firebolt titan etc"
"Shamim Shanoor","5","June 5, 2026","long time use & correct data"
"Jan Klimach","3","June 5, 2026","overall good but gets location data wrong too often meaning stats are inaccurate"
"Garrett Hillard","1","June 5, 2026","so much junk on this app need to pay to do anything, ask 20 question before you can do anything, can't search unless you pay, map is horrible"
"vynsaa","5","June 5, 2026","easy to use.My performance is better than before.Thanks,i love this app."
"Hannah Laguna","5","June 5, 2026","Very helpful, especially to those beginners."
"Dave Espinosa","1","June 5, 2026","bad experience. i got charged 2,999.00 pesos without confirmation. i barely used the app. They wont refund me. scammer"
"Pam Backman","5","June 5, 2026","mostly great. sometimes it freezes up on me and won't record my progress."
"yosephu selvam","5","June 5, 2026","good"
"vijay dhurve","3","June 5, 2026","good aap"
"Quin Bichler","1","June 5, 2026","As much I want to use Strava, it doesn't sync runs from Samsung health and it doesn't track treadmill runs accurately, I have to open Strava and Samsung health just to track any indoor runs..."
"Arav Khodke","5","June 5, 2026","love it 🔥 must have for everyone"
"Rod D","5","June 5, 2026","My go-to app to record all my workouts. including cycling, kayaking, snowboarding, kicking bums, etc."
"Lawrence Pedro","5","June 5, 2026","elpful"
"Raylon Kipper","5","June 5, 2026","strava is awesome best place to log your runs walks bikes swims hikes or like anything else"
"Alasdair","5","June 4, 2026","So glad I could escape to this after Google destroyed Fitbit with the shocking Google Health App."
"Derek Plichta","5","June 4, 2026","Honestly love this app so much, I've been using it for running and biking a lot more and really simple to use. love how you can pair this to your watch as well, would highly recommend!"
"A Google user","3","June 4, 2026","Recent changes to the way challenges are displayed has devalued this app and made challenges almost pointless as it's now too hard to see progress of each challenge, removing the incentive to push that bit further to complete them. Also the top part of the challenges page is pushing running challenges at me, I don't and have never run so this further detracts from the feature."
"László Orbán","1","June 4, 2026","please dont go down this AI generated nonsense. been a subscriber for years and I find the ai insights and the ai workouts completely useless. please focus on better things."
"Macadamia Nut","5","June 4, 2026","Like the features, easy to use, & syncs extremely well with Garmin 830 bike computer. Nice beacon feature when used with something like Garmin Watch to send GPS via beacon (830 does not provide the GPS)."
"existence","1","June 4, 2026","consumes a lot of storage and battery power"
"Anita S.","2","June 4, 2026","The latest update took away the Activity Replay map for subscribers. I enjoyed this feature, so I hope it returns. Please be consistent."
"Jaimala Devi","5","June 4, 2026","it is very good but achveive running statas should get more free running days"
"Eelco Daams","4","June 4, 2026","Mainly for running. Too many things behind a pay wall."
"Lukas","1","June 4, 2026","very bad samsung galaxy watch support. you can't import past workouts. hikes don't import at all. uninstalled/cancelled membership till this improves one day"
"Andrii Deshko","4","June 4, 2026","had an issue that data didn't want to save after ride finished. after multiple tries and restart it was gone. Wrote a 2/5 review. after a week updated app, and when opened had a pop-up displayed with smth like ""your ride has been saved"" from that ride. so it's a nice fix. But still not bugless app"
"Kimi Paquette","1","June 4, 2026","I just joined a few weeks ago and have only been able to log in twice. Then they started emailing me a security code and when I enter it, it brings me straight to an email automatically addressed to Strava with the subject line of ""account suspended"". I have sent several emails and it's been 10 days and still can't get in"
"Hebermar Daniel","1","June 4, 2026","always error during log in"
"Bylal Zulkarnain","1","June 4, 2026","Avoid Strava. The app is plagued by constant performance issues and crashes on Android. I was inexplicably banned for simply logging my workouts and following other athletes. Their support team is non-existent; I reached out regarding my account status and was completely ignored. Poor functionality and zero accountability—save your time and look elsewhere."
"Russell Sithole","5","June 4, 2026","One of the best fitness apps out there"
"Ammar Akram","5","June 4, 2026","Efficient, interactive and accurate app for workout records."
"Juan Lord","5","June 4, 2026","nice apps interface , easy to use , cool analytics"
"xSeaAngelx","3","June 4, 2026","Strava's decent. When I first began using Strava many years ago, I had access to great features under the free version. Little by little my favorite features transferred from the free version to the paid only version which I don't subscribe to because every app does the same thing and my income has changed. There are a lot of glitches with my Strava tracked distance. It very often shows a track I didn't take and says I walked or jogged several miles more than I did."
"Drew Thompson","1","June 4, 2026","subscription bs, wont track super well anyways."
"Adriana X","1","June 3, 2026","This app is inside another health app. It appears to be part of the process to set up the main app. and it's confusing. Why do they need to ""force"" customers to get their service like that? Now, I have to unsubscribe to avoid the charges and I don't know how."
"Andrea Gress","2","June 3, 2026","latest update absolutely sucks. it's messy and laggy with fancy gimmicks that don't add to functionality. it'll appear as though it's recording, clock ticking, and then when I end the ride...nope, didn't record it. horrible app. and they keep pushing payments... like, why would I pay for this?? the free version is progressively getting worse, can't imagine how bogged down and slow the paid version would be.... and now they're integrating AI. vomit."
"Darko Novakovic","2","June 3, 2026","Desperately trying to get you to subscribe. Wherever you tap you can see a button for subscription."
"Scott McCaughie","1","June 3, 2026","Upgrade spam is getting ridiculous... I'm not going to... Stop showing upgrade options EVERYWHERE! You're sounding desperate. Someone will come along and replace you :)"
"Aditya Pargi","4","June 3, 2026","please include noise in your app"
"Dan Cook","1","June 3, 2026","Terrible. Buggy. Cannot get it to record, but that's ok when being bombarded by influencers trying to sell you garbage supliments or designer wear. Had hoped to track my physio but this is overload."
"ធិន សុខថេន","1","June 3, 2026","I did not intend to subscribe in the first place. Why is your company deducting money from your ABA account?"
"Kiefer Thomas","2","June 3, 2026","I've had this app for YEARS. It does ok if, and ONLY if you can maintain a good GPS signal for the duration of your track. So, city trails, parks, city streets and such. Otherwise, Strava absolutely sucks when the signal is poor. It bounces all over the place. All your stats will be wrong. If you plan on being in the Backcountry at all, use something like Gaia."
"Evan A","1","June 3, 2026","The new update to Strength activities is stupid. Makes me not want to sync activities anymore."
"Laura McCormack","4","June 3, 2026","would like miles vs km!"
"akak kecik","5","June 3, 2026","konsisten briskwalk"
"abderrahman abdou","5","June 3, 2026","very good"
"August Siregar","5","June 3, 2026","awesome 👍"
"Rajnish Singh","5","June 3, 2026","Excellent App"
"Brett B","1","June 3, 2026","I still cant seem to get this app to operate with any consistancy. Sometimes it records my ride, other times it pauses just to show me an ad, Its always has problems, I have noticed this app will loose my ride data about half the time, for what its worth this has been a problem on 3 different phones, and I checked my progress several times during the ride just to find that it lost the data/tracks at the end. Thought this was operator error but no it must be the app. edit, common Strava ....."
"Michael Hueschen","4","June 3, 2026","it's ok but could be a lot better (I say as an avid MTBer and software engineer)"
"Rachel Feriend","5","June 3, 2026","love the tracking! love the community!"
"Kiran R","5","June 3, 2026","The best free activity tracking app out there!"
"Lego Lele","1","June 2, 2026","It kept lagging when I want to stop the run. It makes the real timing become delayed like 10 sec ,the worst."
"M Smith","1","June 2, 2026","What happened to this app? I haven't used it in about 3 years but a friend sent me a link on a hike he wants to take me on. The link gave me errors on the browser, I installed the app, still got errors. So then I decided I'm just going to search and see if I can find it. No I have to pay to search! just for a search? You've got to be kidding me. And a search I'm having to perform because the link he copied directly from your app doesn't work. That's suspicious. I hope all greedy developers fail."
"Michaela","3","June 2, 2026","Free version is good, though there is still room for improvement. Disappointing is that there are so many various sports but no horse riding."
"Ephert Roodt","5","June 2, 2026","love this app to keep track of every training session"
"Wilson Rosario","1","June 2, 2026","doesn't connect to my Fitbit air heartbeat"
"johnathan Fritz","1","June 2, 2026","worst experience ever. android functionality is sheets to the wind. can correct entries. once this challenge for work is over I will be deleting."
"Siddhant verma","1","June 2, 2026","not using a full map of Bharat"
"Michael “Mike” Heath","1","June 2, 2026","Paused the walk, sat at the beach, and the app decided to carry on counting my sit-down halfway through. Uninstalled and cancelled the pro subscription."
"Romel Racho","5","June 2, 2026","👍👍👍👍👍👍👍👍👍👍👍👍👍"
"Fathurrahman Farhann","1","June 2, 2026","tricked me to buy annual subscription by giving free trial. what a genius."
"Jona","2","June 2, 2026","I have never seen a navigation function that is so badly designed..."
"Ashan","2","June 2, 2026","not ze besté"
"Siavash Tajtv","3","June 2, 2026","why we cant opean in iran ?we need vpn 🤬"
"Riya Jain","1","June 2, 2026","This app is not getting downloaded in my device.."
"Brianna Zaragosa","1","June 2, 2026","This app is really irritating. It never clocks my miles properly. I have to constantly go to the settings to sync my watch to the app. It's frustrating and infuriating. You guys need to do better! 👎"
"Hayden Thun","5","June 2, 2026","Love that there's a platform where everyone can see others' fitness journey or betterment"
"Tan the WoMan","5","June 2, 2026","just my go to honestly"
"Griffin Fuller","5","June 2, 2026","a great app to track exercise and meet other athletes!"
"D Walter","4","June 2, 2026","Fantastic but too pricey!!"
"Abhinav Raj","5","June 2, 2026","excellent app for push every day for running"
"Deepak Kumar","5","June 2, 2026","excellent for youth"
"Tony Thach","5","June 2, 2026","Great app to track running!"
"Bijay Kummar","5","June 2, 2026","good"
"Saurabh Pandey","5","June 2, 2026","best app ever to track your fitness"
"Kumar Pal","5","June 1, 2026","vvvery good"
"Daryl Lim","4","June 1, 2026","My feed can display a few of my friends workout after that there's an error. I can't view my previous workouts in my activities"
"Silvio","1","June 1, 2026","Cannot log into the app on my Samsung S21 (Android 15), always a 'network error' or 'Log In Failed'. Sucks."
"Chloe Vollrath","3","June 1, 2026","looks like a good app, but since I have a Samsung galaxy phone, it doesn't really connect at all, so I can't get it. :/"
"Minerwin","5","June 1, 2026","Really an amazing App"
"Varsha Jadhav","2","June 1, 2026","okay"
"Mehdi Kazemi","4","June 1, 2026","😍💪🏃🚴🫂👍🥳"
"Patience Dibate","3","June 1, 2026","Low-key love this app but I don't like running with my phone. Please make this compatible with Volkano GPS watches 😭🙏"
"NaqibAiman","5","June 1, 2026","help improve my stamina, maintenance health and super helpful"
"T-S L","5","June 1, 2026","easy to use"
"Mauricio Pacheco","1","June 1, 2026","Frustrated that Strava still lacks basic voice navigation and turn-by-turn biking directions. While it is great for tracking and social sharing, having to constantly look at my screen for directions makes it dangerous and useless for commuting or exploring. Please add voice guidance like Google Maps."
"Adib Siddiqui","1","June 1, 2026","can not do my km run time anymore it needs to subscribe! so why you made it ?"
"Erix Anderson Situmeang","5","June 1, 2026","top markotop"
"Amrul Shamsir","1","June 1, 2026","Gps disrupted"
"Branden Glover","5","June 1, 2026","keeps me honest."
"Ujjawal Sharma","5","June 1, 2026","Best app for self quantization"
"雨Bloo","5","June 1, 2026","nicee"
"Davit Gadelia","1","May 31, 2026","it is sad to see that if i accidentally press on the screen, ad pops up that i should purchase strava, Can yall make the Free version and the paid version? it is very frustrating that ad pops up on every button. at least mark them so i wont press"
"Justin Miller","1","May 31, 2026","Don't put things I already had behind a paywall!! INEXCUSABLE"
"Jothipragasam D","4","May 31, 2026","Super super"
"Ugi Ugi","1","May 31, 2026","many thing need to fix, we pay but cannnot intrgrated."
"Anton Pustovoyt","1","May 31, 2026","Too many annoying popups nagging about the subscription all the time. Two of them just for finishing an activity, seriously?!"
"Lukáš Cohorna","1","May 31, 2026","edit: 2026: ridiculous how bad it is now. ""Muscle map"" that is constantly wrong (it is correct in Garmin) and can't be disabled. 2024:The app is worse every update. Every ""feature"" is just intrusive junk (AI, quick edits etc.). I'm less and less likely to ever consider subscription. Explain to your enlightened directors that no, users don't need you to jump on every moronic trend as soon as you notice it. Better fix your long standing issues first (like the treadmill distance out of sync)"
"terry","5","May 31, 2026","Great way to track your route."
"NITIN TYAGI","5","May 31, 2026","awesome app"
"T Back","1","May 31, 2026","this app is horrible, cuts out right in the middle, then picks up again, then cuts out. basically I went 4.5 mi and it recorded my hike at 1.13 mi."
"Falah","5","May 31, 2026","The Social Network for Athletes. The gold standard for runners and cyclists. GPS tracking is highly accurate, and the segment leaderboard feature introduces a fun, competitive element to workouts. It has an incredibly supportive fitness community."
"Andre Kautsar","1","May 31, 2026","the app still bug when in lock screen mode, so i lost my track record"
"Jaysen Baonguis","5","May 31, 2026","thanks strava. best app ever!"
"Raj Kumar Sharma","5","May 31, 2026","best app I have ever seen in my life"
"keith temple","5","May 31, 2026","Great app"
"Abner Deep","5","May 31, 2026","great 👍"
"Nishant Kalshiya","5","May 31, 2026","good"
"John Mark Gamuyao","1","May 31, 2026","They automatically purchased subscription and get to my bank account without my permission."
"Kham Raj","5","May 31, 2026","very nice"
"Rs Thakur","4","May 31, 2026","अच्छा है लेकिन कभी कभी रोड को चेंज कर देता है और रोड का जो मैप होता है उसको सही से नहीं बनता है"
"Carlos V. Argueta","5","May 31, 2026","⭐⭐⭐⭐⭐ Great data tracking, even for free users!As a basic user, I find this app incredibly useful. It syncs perfectly with my Amazfit watch via the Zepp app, meaning all my rides and activities upload automatically. I love that I can manually add other types of workouts too. It is a fantastic tool to keep all my fitness data in one place."
"Joseph Arceda","5","May 31, 2026","muy bueno"
"John","1","May 30, 2026","They try their best to get you into a subscription, but there is no way to know how much a strava subscription costs. The only option is to start a ""FREE TRIAL."" I guess they are being secretive about the cost until you start the supposed free trial."
"Steve","1","May 30, 2026","potential, but no folders,good for editing a route ,thats it ,Komoot, garmin,ride with Gps ,outdoor active and a number of other apps are better,lost signal in the middle of Dartmoor getting me lost,relies on gps not Bluetooth, can't get routes in your area ,insists on subscription, awful menu ,not user friendly,pull your socks up Strava you're supposed to be the ""best 🤣"""
"Arun Kumar Rajput","1","May 30, 2026","Not useful at all"
"Paul Kaiser","3","May 30, 2026","Fix your scrolling and zooming on Android. It's horrible right now. It drives me crazy!"
"Shaan 754","1","May 30, 2026","Not a good app. cause always mismatch our activities, GPS properly not working and running or walking distance will not show never correctly."
"Graham Sparrey","5","May 30, 2026","love the functionality and seeing what strava friends get up to and all the metrics available"
"Neisa Hibatillah","2","May 30, 2026","cannot link to all other app (huawei health, health sync)"
"M.FIRDAUS BIN RAHIM1989","5","May 30, 2026","good"
"Sendhil Kumar","2","May 30, 2026","not good"
"Anuj salve","2","May 30, 2026","has a lots of bugs and glitch it doesn't record half the journey"
"emir rahmansyah","1","May 30, 2026","udh di updqte malah jadi anomali"
"yudi dwi saputro","2","May 30, 2026","The application often errors & can't enjoy it. very long synchronization process"
"Simon Duff","5","May 30, 2026","great app"
"Atum “Dearest Sushi” Crockett","5","May 30, 2026","It's been a great app to track my running and training progress!"
"Will Phillips","1","May 30, 2026","Constant subscription popups are highly irritating."
"michael webb","5","May 30, 2026","love strava."
"Ruvim GD","2","May 30, 2026","newest update is very disappointing seems like they are just adding more and more unnecessary steps the app used to be a lot more streamlined."
"Jaystink Fairkid","5","May 30, 2026","It's one of the rare social networks that is GOOD for you."
"Braelen O'Shea","5","May 30, 2026","pushes you to beat segments, features exclusive rewards for challenges and gets you active"
"Miguel Lozada","5","May 30, 2026","lots of information even with the free version. easy to use."
"Benedict Appiah","5","May 30, 2026","Amazing app that tracks my progress with every ride I take."
"A Google user","5","May 30, 2026","Accurate. very helpful."
"janet bolen","1","May 29, 2026","I've had a ticket open with Strava for weeks now and no response. Very annoying."
"Pedro Sanciny","4","May 29, 2026","1. Useless maps 2. you can't swipe between photos when in full screen 3. annoying strava auto-notifications and AI suggestions"
"Arak Jutt","1","May 29, 2026","I downloaded the app twice only to find out that the app is facing problem and can't function because of an error"
"Random Person UwU","5","May 29, 2026","pretty much has everything you'd need for running not sure about other sports"
"Bob C","2","May 29, 2026","Very complicated and unable to just show me a map of where I'm at while riding. All it's effort is oriented towards getting you to upgrade instead of helping you navigate and track your ride. I Uninstalled it after 3 days of trying."
"Daniel Hunt","1","May 29, 2026","gets 1 star just for calling a squat an air squat, fire whoever named that it's not a term used by anyone except CrossFit"
"mickey garrahan","1","May 29, 2026","keeps flagging everything and getting reported everytime you beat someone lmao clowns"
"Tim Arnaudy","1","May 29, 2026","Terrible app. forces you to pay a subscription without being able to see anything. when I signed up and it was confirmed in Google pay I still couldn't see anything. I was in a constant loop to sign up even though I already had. in the end I deleted it. shame"
"anandhu Pr","5","May 29, 2026","Helps to improve running precise data"
"madeline","4","May 29, 2026","Please reinstate the Active Challenges tab for better viewing of challenge progress."
"Ashen Jayakodi","5","May 29, 2026","This app is an absolute lifesaver for getting me away from my desk. When I'm spending hours debugging Python scripts or working on 3D particle systems for my FOC projects, I use Strava to log my morning runs and clear my head. The 'Beacon' live tracking is super useful for safety, and I love how the massive 2026 update auto-generates visual muscle maps for strength training. It syncs perfectly with my smartwatch without draining the battery. Highly recommend it."
"Austin Lawless","1","May 29, 2026","awful app"
"Simon K Sangma","5","May 29, 2026","Perfect for runners"
"Saurav Negi","5","May 29, 2026","go for it worth for a runner"
"Wendy Lyon-Hart","4","May 29, 2026","love the app. I'm probably doing something wrong but my heart rate doesn't read from my fit bit. And I wish when hitting pause on a work out, it didn't keep time during the pause time and add it to the workout time. that is why I picked a 4 star. otherwise, the app is great! I like all the features. too many to list. I run, walk, lift, and do other workouts. I like the how it keeps MPH and distance."
"Jay Zmuda","4","May 29, 2026","should be able to do the same things on the mobile app that you can do on the desktop."
"daishinkan V.","5","May 29, 2026","great app if u are serious about your workouts"
"Jan Lenard","5","May 29, 2026","Best app for cycling and running"
"Sathish V","5","May 29, 2026","good app for a fitness journey"
"Ha Ru","5","May 29, 2026","cool."
"Arian Fisher","4","May 28, 2026","wonderful app, but I didn't want the subscription and it's very hard to unsubscribe this should be fixed as you guys are a high quality app"
"Simone","1","May 28, 2026","Not allowing km/h and forcing m/km is stupid."
"Daniel Adam","3","May 28, 2026","my activity times are constantly messed up by hours and it saves activity types incorrectly. otherwise it's an app"
"SESHADRI E","4","May 28, 2026","adding only muscle group by picture clicking like previous one option is better but not available please bring back this is one instead selecting manually"
"David Clifford","1","May 28, 2026","Does Strava actually employ anyone?? No response to support tickets or this review. Android app is now useless since it updated, every time I record an activity now it stops saying network lost. Didn't happen before and only thing that has changed is the Strava App!!!!!"
"PJ Oschmann","3","May 28, 2026","Good app concept. Map keeps jumping around when I zoom in and try to pan tho. Makes reviewing my routes very difficult."
"Jernel Pereira","1","May 28, 2026","the system automatically subscribe but I didn't click anything"
"MJ Sampiano","5","May 28, 2026","BEST CUSTOMER SUPPORT. When Google play denied my refund, they refund me less than 5 hours with no so much question⭐⭐⭐⭐⭐"
"Rafael Francis A. Agawa","5","May 28, 2026","amazing especially when cycling, just don't forget to unpause whenever you pause"
"Nicholas","4","May 28, 2026","Recent updates add year-specific personal bests. This, in theory, is fine. However, first annual attempts at a distance appear with a medal, for example ""Fastest 10k of 2026"". This should only occur on subsequent attempts at the same distance. Otherwise it dilutes the value of medal display following completion of an activity. The consequence will be that users begin to ignore them."
"Szymix :]","3","May 28, 2026","It incorrectly imports swimming activities from the Huawei Health app. For example, I swam for about 21 minutes, but the app says the workout lasted 1h 34min. I have no idea where it gets these values from"
"Taufiq Omar","5","May 28, 2026","Awesome"
"Abhishek Singh CR7","5","May 28, 2026","wonderful app totally impressed"
"Tommy Pfeifer","4","May 28, 2026","Would be cool if I could get a notification for kudos every once in a while, but not every time I get a kudos. I had to silence them because they turned into spam."
"Kumar Kumar","4","May 28, 2026","good app for running some meter i think 40 meters something difference in km but this app was so useful for running for me"
"Nursyafiqah Binti Shalan","3","May 28, 2026","kadang2 macam hanged.. lari2 x dpt save haha"
"Fata Faz","5","May 28, 2026","👍👍"
"Jagannath Sahoo","5","May 28, 2026","simply awesome"
"Vihaan7878 Gupta","4","May 28, 2026","just beat it"
"zakri hanif mohd razali","5","May 28, 2026","Must have apps for runners or walkers"
"David Herbold","3","May 28, 2026","it's important that we don't just give out 5 star reviews. I give 3 powerful starts to let you know you're doing an average job. good job!"
"Wijaya","5","May 28, 2026","thanks for the great apps"
"Roman","1","May 27, 2026","The app became worse nowadays. Agressive marketing is so annoying. You can't do almost anything without subscription."
"Clayton Giudici","1","May 27, 2026","Tracks your runs fine, but basically anything other than that you need to pay for."
"Muhammed Tauabur Rahim Tawfique","1","May 27, 2026","bad experience every week and update"
"Thomas","5","May 27, 2026","Now Strava should add paragliding as well! please add paragliding tracking as well"
"Oleh Samokhvalov","1","May 27, 2026","""get a new code"" one by by one messages. I can't open and try this app"
"who cares","1","May 27, 2026","constantly looping at signup with try again with new code. Frustrating jank."
"Sameer Gaikwad","1","May 27, 2026","to much bombarding of subscriptions"
"Tim Eli Tim Eli","5","May 27, 2026","Best app for run"
"dharmesh pathak","5","May 27, 2026","best accurate and complete"
"Abhimanyu","5","May 27, 2026","very good"
"Andrew Hamilton","3","May 27, 2026","a necessary evil where everything good has been put behind a pay wall."
"Gokul Gokul","5","May 27, 2026","excellent 👌👌👌"
"Deepjyoti Roy","4","May 27, 2026","good 👍"
"Jovanni Vazquez","5","May 27, 2026","do it, its what all your friends are doing"
"Ali Hussain","5","May 27, 2026","metrics on metrics"
"Brenan Sangalang","1","May 27, 2026","I’m just disappointed that my activity didn’t save. I ran half a marathon, and all of a sudden the activity was gone. It feels like all my hard work and effort meant nothing because of an error. Because of this experience, I wouldn’t recommend this app. I'm so pissed off"
"Stephan Gauthier","2","May 27, 2026","way too demanding of getting you to subscribe. Leave casual users alone and quite showing all the premium features I don't want or need."
"Cole Sim-Chepurnyj","5","May 27, 2026","more features should be free"
"Devin Johnson","1","May 26, 2026","When I configure my settings to be private and it automatically sets all of my activities to public anyway and auto-uploads is annoying and not worth the hassle to deal with. Don't waste your time with this glorified Instagram wannabe."
"1 3","3","May 26, 2026","cool app. but I live in Canada. we have winter most of the year. so 100$ is expensive for something I can only use a couple months out of the year. can I even review my rides once I need to pause my subscription for 9 months of the year? or does it all just get blocked off till the next ride season."
"The Obelisk","4","May 26, 2026","Decent app. The only sports related app I've used so far. It connects to just about any other sports app or device. However I am disappointed it does not make use of the Randonautica app. Would be nice to see the phydical gains from a horror filled trip while fleeing the unknown."
"vipin karnani","1","May 26, 2026","it always says no gps signal no matter where you are and it is very inaccurate"
"Dustin VanDeBerg","3","May 26, 2026","App was great but recently started spamming notifications despite not changing any settings so now it's deleted."
"Devansh Singh","5","May 26, 2026","I like this app simple and nice"
"Francesco","1","May 26, 2026","Unbearably pushy advertise for paid version. Moving the best effort behind paywall is a dick move."
"Anuhya","5","May 26, 2026","I can train on my own with this app, no more hurdles of tagging along."
"Angelo Basaysay","1","May 26, 2026","always inaccurate"
"Jonathan Davidson","1","May 26, 2026","Lets you sign up for free and collects your telemetry for free but can't even let you look at routes just next to you without forcing you to subscribe. Can't even delete my account ""Not a valid Strava link!"" I get every time I try the delete my account button. I'm sick and tired of subscription services and there are many good free alternatives out there than this app. You don't need Strava. Thought I'd try to sign up for it, but I'm gob smacked that this is the ""standard"" app."
"Kapuczyna","4","May 26, 2026","The app itself is very good, but I'm having trouble saving my workouts to the cloud. I can't sync them, which makes it difficult to track my progress."
"Paul Seabrook","5","May 26, 2026","A great app to record rides, walks etc. Easy to use."
"Chrisnelle Abdon","1","May 26, 2026","1 star only because i cannot refund my subscription even though it was subscribed accidentally!!!!😡😡 only few minutes after purchase!!! i tried many times to get a refund but it was still rejected!!! i hate you guys! you have your refund policy yet you dont do it even if it was by accident!"
"Kartikeya Samudrala","1","May 26, 2026","i cant even login bro wth the app is crashing all the time i tried to enter my dob and it's crashing"
"Joel Anto P","5","May 26, 2026","The best running app"
"Sagar Tarlekar","4","May 26, 2026","Nice"
"Hank Montrose","4","May 26, 2026","Will not record hikes"
"Rochmad M","5","May 26, 2026","Nice.."
"Randell Raisin","5","May 26, 2026","This app made me get into running. Nonetheless, i can connect my watch to this app to track my runs. 10/10."
"Raghavendra Herbals","3","May 26, 2026","good"
"MICWIK","5","May 26, 2026","best fitness promoting app"
"jun obille","5","May 26, 2026","I'm faster on Strava than on Garmin. I'll take it."
"Rolito Boncales","1","May 25, 2026","automatically deduct and no refundable."
"Phil Myers","1","May 25, 2026","says free then demand subscription- another example of enshitification!"
"Sam Tully","1","May 25, 2026","I dec8ded to see if this app was going to work for me. it did not. I went for a 8km right and it only clocked 3kms. mapped it perfectly but I only was out there for 3kms."
"Leon Klopper","3","May 25, 2026","Can you guys place the like button on the right? Most people use their right hand..."
"Andrew Tiede","2","May 25, 2026","This app used to be great, but one by one all the features moved behind the paywall. This is especially annoying because they moved your data behind the paywall meaning that the data you created from your own exercise you now have to pay to analyze or see in useful ways. The result is that this is pretty mediocre now."
"Raisibe mosoanganye","3","May 25, 2026","the app is nolonger accurate"
"Nadirah Sharbini","1","May 25, 2026","why my strava doesn't match my Amazfit GTS 2 mini watch result? useless app if like this"
"Carissa Savellano","1","May 25, 2026","need a refund ! this app offer a free trial and after that, it will auto deduct a year of subscription without my approval"
"Christian Zavrtak","1","May 25, 2026","Terrible user experience for free users. Might be ok to log your rides, I certainly have seen much better apps for basically everything."
"Lind Lisondra","3","May 25, 2026","Minsan tumitigil siya kahit hindi ko na man siya ginagalaw tapos minsan hindi makita ang km nawawala minsan"
"Gaddy Ganapin","5","May 25, 2026","Peak app, it motivates me to run or ride."
"Viraj Gupta","5","May 25, 2026","nice"
"Dalmacio Gregorio Nantes","1","May 25, 2026","inaccurate..plus 6km lagi hahaha pota tapos pacing laging 5mins hahaha"
"Viktor Taranenko","1","May 25, 2026","My activity feed is cluttered with virtual rides, home workouts and ""5km commutes to work"". And there's no way to filter that garbage out. Upd 2026.05.01 Now it's impossible to swipe/move the activity map smoothly. It jumps around the finger. This behavior is more noticeable when zoomed in."
"Mr.Baidyanath Giri","2","May 25, 2026","why am I unable to install the app. I have tried all the trouble shooting methods and some ways to fix the problem but none of them worked can you help me with it."
"Amy O'Brien","1","May 25, 2026","would not recommend strava, it constantly crashes and doesn't log the correct distance travelled or route. worked the first couple times I used it then it started crashing everytime I used it. logged the issues with strava but nothing changed. I'd suggest downloading a different and better alternative app"
"DEV MALPANI","1","May 25, 2026","All things are good in this app but I only hate the pause feature in it during run individuals are just flexing there data which is very false , I just hate that feature or you can add ending time also ."
"Jay Jethaliya","5","May 25, 2026","Well made app. Uses simple GPS to track location and record activities. Really like the activity maps created for sharing!"
"Nelson Lopez","5","May 25, 2026","easy to use"
"Joe Hankins","5","May 25, 2026","does what I need"
"Talha Farooq","5","May 25, 2026","Nice app with multiple options."
"JuBlaine","2","May 25, 2026","so much behind the paywall"
"Balaji ganesan","5","May 25, 2026","Strava single handedly made me rediscover the athlete in me for the past five years! Using it, I just reached 10000 km of all time cycling ever since I started in 2021. All of these credits go to the amazing team building this wonderful piece of technology."
"Jesse Miracle","5","May 25, 2026","genuinely great app for running"
"Mark C P Metzger (Piditz)","5","May 25, 2026","I'd recommend it, Giving you the chance to challenge yourself, and showing what you're capable of doing 😉 😏"
"Mrunal Mahind","5","May 25, 2026","best running app"
"Gary NorCal","5","May 25, 2026","I particularly like the ""send a message"" function. It allows my family to know where I am and just as important .. it would pinpoint where I am if I were to have an accident and not get home in a reasonable timeframe."
"Christopher Pangke","5","May 25, 2026","good app for healthy living"
"Jamae Fontanos","4","May 24, 2026","the app is good but sometimes it doesn't record the way and when you open it, it's just goes straight line 🥺"
"Sp Hise","3","May 24, 2026","Strava is a great app with amazing fitness tracking features, but its privacy system needs improvement. The route map feature allows followers to track where I walk or run, even if I don’t follow them back. This almost got me into trouble and made me feel stalked. There should be an option to make route and location data completely private so only the user can view it. User safety and location privacy should be treated as a top priority."
"christian ng","1","May 24, 2026","no chat zone they remove it"
"Carlos Fernando Palma Roldan","1","May 24, 2026","Does not work on xiaomi redmi phones. The OS closes it after half an hour even if you give it permissions for the location and the battery. Sometimes fails to acquire the gps signal from the very beginning."
"John Agustin Epe","1","May 24, 2026","I'm using this app cause it's free then 1 month later and they charged 1500 for subscription I hope they refund my money back"
"RizKerbomb","3","May 24, 2026","What's the point in promoting 50% off for students if you only allow us and more Countries in euro/ south America. it's so limited im a student from the Philippine and this is unfair Fix this soon please"
"Raif Abdullahu","5","May 24, 2026","Great app for runners"
"WildOrangutan","1","May 24, 2026","The map is barely usable. It is constantly snapping back, if you drag it."
"Jasira Saraza","1","May 24, 2026","so many app issues"
"Aaron Andreas Tangkeallo","2","May 24, 2026","aplikaisnya selalu loading, nge bug"
"Juancarlos Guzman","1","May 24, 2026","when are you going to enforce. banning koms and segments for electric bikes? electric bikes should have a category for themselves.. and strava should create an algorythm to find these behaviors. upddate 5/24/26 the results on a ride flyover is 1km less than the official result in the dashboard."
"Robert Gijsen","1","May 24, 2026","After switching to Strava last year, I was quite happy with it. The last three months I have been unable to log into the app. Login to the website works fine, the app just doesn't accept the mailed code. I've been waiting for support for three weeks now, and finally they admitted: 'Unfortunately, our team is limited in our ability to investigate these sorts of issues directly.' Lots of people with the same issues. Not important of course. App is fine when it works, but support is just terrible."
"Juan Gallardo","4","May 24, 2026","Very nice app, but too many functions just for payment accounts"
"Rico Lianggi","5","May 24, 2026","Please check my account, can not login. I already report to customer servive, bu not yet solved"
"Ahmad Sofian","5","May 24, 2026","good"
"Pragun","5","May 24, 2026","good"
"Harshvardhan Thapliyal","4","May 24, 2026","best app for tracking progress in workouts and run"
"Kurt Stanwick","3","May 24, 2026","I was attempted to be scammed by another user...so theres that...impersonating another runner is common in here?? So for now I guess 3 stars?? If there's a way to tighten account creation...I guess that would help... the features are nice...stats, etc...kind of a damper on things when I started talking to another runner...who wasn't that person...yikes..."
"Nathan Headley","5","May 24, 2026","I use Strava literally every day. It is a great way to track your mileage and keep track of your friend's runs. It's the only ""social media"" that I have and ever intend to use."
"Danveer Choudhary","5","May 24, 2026","nice app easy to use"
"Evan Serrano","3","May 24, 2026","I like it but the paid version proce point is just too high. at 7.50 a month it would be much more enticing"